# Gene Family	11507229_rna_4-RPKs
UNMAPPED	36771.0000000000
UniRef90_A4ECR2	5232.8135146972
UniRef90_A4ECR2|g__Collinsella.s__Collinsella_aerofaciens	5232.8135146972
UniRef90_A7A2I9	4783.7346061090
UniRef90_A7A2I9|g__Bifidobacterium.s__Bifidobacterium_adolescentis	4783.7346061090
UniRef90_unknown	3207.4755848900
UniRef90_unknown|g__Enterococcus.s__Enterococcus_faecalis	2527.7777777778
UniRef90_unknown|g__Dorea.s__Dorea_longicatena	180.2325581395
UniRef90_unknown|g__Bacteroides.s__Bacteroides_ovatus	160.7139389479
UniRef90_unknown|g__Bacteroides.s__Bacteroides_caccae	134.7683719776
UniRef90_unknown|g__Bacteroides.s__Bacteroides_massiliensis	27.2579714574
UniRef90_unknown|g__Bacteroides.s__Bacteroides_vulgatus	27.0238793100
UniRef90_unknown|g__Alistipes.s__Alistipes_shahii	20.3722767704
UniRef90_unknown|g__Bacteroides.s__Bacteroides_uniformis	18.5961152414
UniRef90_unknown|g__Faecalibacterium.s__Faecalibacterium_prausnitzii	16.1053526456
UniRef90_unknown|g__Alistipes.s__Alistipes_finegoldii	14.0705899560
UniRef90_unknown|g__Streptococcus.s__Streptococcus_salivarius	13.5291851762
UniRef90_unknown|g__Lachnospiraceae_noname.s__Lachnospiraceae_bacterium_8_1_57FAA	12.3456790123
UniRef90_unknown|g__Escherichia.s__Escherichia_coli	11.1248956295
UniRef90_unknown|g__Collinsella.s__Collinsella_aerofaciens	9.3470240240
UniRef90_unknown|g__Bacteroides.s__Bacteroides_stercoris	7.8771218081
UniRef90_unknown|g__Bacteroides.s__Bacteroides_dorei	5.8817079383
UniRef90_unknown|g__Alistipes.s__Alistipes_putredinis	4.5189224640
UniRef90_unknown|g__Blautia.s__Ruminococcus_obeum	3.5496957404
UniRef90_unknown|g__Dorea.s__Dorea_formicigenerans	2.8653295129
UniRef90_unknown|g__Bacteroides.s__Bacteroides_intestinalis	1.6580062775
UniRef90_unknown|g__Gordonibacter.s__Gordonibacter_pamelaeae	1.6492578340
UniRef90_unknown|g__Eubacterium.s__Eubacterium_rectale	1.3705111710
UniRef90_unknown|g__Adlercreutzia.s__Adlercreutzia_equolifaciens	0.9000900090
UniRef90_unknown|g__Roseburia.s__Roseburia_hominis	0.8860486247
UniRef90_unknown|g__Roseburia.s__Roseburia_intestinalis	0.8634985446
UniRef90_unknown|g__Roseburia.s__Roseburia_inulinivorans	0.7194420117
UniRef90_unknown|g__Ruminococcus.s__Ruminococcus_callidus	0.4732607667
UniRef90_unknown|g__Coprococcus.s__Coprococcus_comes	0.4093327876
UniRef90_unknown|g__Eubacterium.s__Eubacterium_eligens	0.3929273084
UniRef90_unknown|g__Eubacterium.s__Eubacterium_ramulus	0.1191043354
UniRef90_unknown|g__Eubacterium.s__Eubacterium_hallii	0.0757116899
UniRef90_A5ZYU0	1848.7459449824
UniRef90_A5ZYU0|g__Blautia.s__Ruminococcus_obeum	1848.7459449824
UniRef90_A7V2K8	1820.9331509742
UniRef90_A7V2K8|g__Bacteroides.s__Bacteroides_uniformis	1820.9331509742
UniRef90_A5ZTV8	1719.6040679710
UniRef90_A5ZTV8|g__Blautia.s__Ruminococcus_obeum	1719.6040679710
UniRef90_A4EB58	1619.7673875348
UniRef90_A4EB58|g__Collinsella.s__Collinsella_aerofaciens	1619.7673875348
UniRef90_A5KP23	898.3841811593
UniRef90_A5KP23|g__Blautia.s__Ruminococcus_torques	898.3841811593
UniRef90_A7V4G2	860.6553927487
UniRef90_A7V4G2|g__Bacteroides.s__Bacteroides_uniformis	860.6553927487
UniRef90_A5KR94	781.1450911282
UniRef90_A5KR94|g__Blautia.s__Ruminococcus_torques	781.1450911282
UniRef90_A7V4G1	764.6370249799
UniRef90_A7V4G1|g__Bacteroides.s__Bacteroides_uniformis	764.6370249799
UniRef90_A5ZQM1	483.4158761632
UniRef90_A5ZQM1|g__Blautia.s__Ruminococcus_obeum	483.4158761632
UniRef90_C5EDJ5	436.1554803682
UniRef90_C5EDJ5|g__Bifidobacterium.s__Bifidobacterium_longum	436.1554803682
UniRef90_A5ZLI2	423.4693877551
UniRef90_A5ZLI2|g__Bacteroides.s__Bacteroides_uniformis	352.1016866322
UniRef90_A5ZLI2|g__Bacteroides.s__Bacteroides_caccae	71.3677011229
UniRef90_UPI00015BEA70	402.4931656819
UniRef90_UPI00015BEA70|g__Bacteroides.s__Bacteroides_uniformis	402.4931656819
UniRef90_A5ZL08	400.0000000000
UniRef90_A5ZL08|g__Bacteroides.s__Bacteroides_caccae	400.0000000000
UniRef90_A7UXY7	352.2357441397
UniRef90_A7UXY7|g__Bacteroides.s__Bacteroides_uniformis	330.6530103268
UniRef90_A7UXY7|g__Bacteroides.s__Bacteroides_caccae	21.5827338129
UniRef90_B0NEX9	344.1927071698
UniRef90_B0NEX9|g__Clostridium.s__Clostridium_scindens	344.1927071698
UniRef90_A8SCU4	324.3243243243
UniRef90_A8SCU4|g__Faecalibacterium.s__Faecalibacterium_prausnitzii	324.3243243243
UniRef90_A7LS52	295.9183673469
UniRef90_A7LS52|g__Bacteroides.s__Bacteroides_ovatus	295.9183673469
UniRef90_E2ZL93	285.7142857143
UniRef90_E2ZL93|g__Faecalibacterium.s__Faecalibacterium_prausnitzii	285.7142857143
UniRef90_A7B6K2	283.4886058640
UniRef90_A7B6K2|g__Clostridium.s__Clostridium_scindens	157.1797585821
UniRef90_A7B6K2|g__Dorea.s__Dorea_longicatena	83.3910683746
UniRef90_A7B6K2|g__Ruminococcus.s__Ruminococcus_lactaris	42.9177789073
UniRef90_A4EB57	242.9196470926
UniRef90_A4EB57|g__Collinsella.s__Collinsella_aerofaciens	242.9196470926
UniRef90_A7V4G3	226.8041237113
UniRef90_A7V4G3|g__Bacteroides.s__Bacteroides_uniformis	226.8041237113
UniRef90_A5ZYV7	224.8599633520
UniRef90_A5ZYV7|g__Blautia.s__Ruminococcus_obeum	224.8599633520
UniRef90_R7NTX0	202.7718851386
UniRef90_R7NTX0|g__Bacteroides.s__Bacteroides_massiliensis	202.7718851386
UniRef90_A6BKY6	186.8393062684
UniRef90_A6BKY6|g__Dorea.s__Dorea_longicatena	186.8393062684
UniRef90_R7NSE3	183.6044642927
UniRef90_R7NSE3|g__Bacteroides.s__Bacteroides_massiliensis	183.6044642927
UniRef90_A5Z2Z6	181.9428109266
UniRef90_A5Z2Z6|g__Blautia.s__Ruminococcus_torques	181.9428109266
UniRef90_B3C522	180.8168423069
UniRef90_B3C522|g__Bacteroides.s__Bacteroides_intestinalis	180.8168423069
UniRef90_A7UZL1	172.3076271425
UniRef90_A7UZL1|g__Bacteroides.s__Bacteroides_uniformis	172.3076271425
UniRef90_A5ZBN1	167.9260732916
UniRef90_A5ZBN1|g__Bacteroides.s__Bacteroides_caccae	167.9260732916
UniRef90_A6BKY9	159.0091966116
UniRef90_A6BKY9|g__Dorea.s__Dorea_longicatena	159.0091966116
UniRef90_A7A6N2	152.1560784997
UniRef90_A7A6N2|g__Bifidobacterium.s__Bifidobacterium_adolescentis	152.1560784997
UniRef90_B0NWG2	150.3759398496
UniRef90_B0NWG2|g__Bacteroides.s__Bacteroides_stercoris	150.3759398496
UniRef90_A5ZYU6	145.4545454545
UniRef90_A5ZYU6|g__Blautia.s__Ruminococcus_obeum	145.4545454545
UniRef90_A5ZI73	140.8450704225
UniRef90_A5ZI73|g__Bacteroides.s__Bacteroides_caccae	140.8450704225
UniRef90_A5KR91	132.3529411765
UniRef90_A5KR91|g__Blautia.s__Ruminococcus_torques	132.3529411765
UniRef90_A5ZI62	118.3937293440
UniRef90_A5ZI62|g__Bacteroides.s__Bacteroides_caccae	118.3937293440
UniRef90_B5CLP5	113.0005432076
UniRef90_B5CLP5|g__Blautia.s__Ruminococcus_torques	61.7901938353
UniRef90_B5CLP5|g__Ruminococcus.s__Ruminococcus_lactaris	51.2103493723
UniRef90_C7H4T9	109.0909090909
UniRef90_C7H4T9|g__Faecalibacterium.s__Faecalibacterium_prausnitzii	109.0909090909
UniRef90_I3YNF1	108.8957055215
UniRef90_I3YNF1|g__Alistipes.s__Alistipes_putredinis	105.8282208589
UniRef90_I3YNF1|g__Alistipes.s__Alistipes_shahii	3.0674846626
UniRef90_A5ZLI4	106.6488213453
UniRef90_A5ZLI4|g__Bacteroides.s__Bacteroides_caccae	106.6488213453
UniRef90_UPI0001599A3B	100.8174386921
UniRef90_UPI0001599A3B|g__Bifidobacterium.s__Bifidobacterium_adolescentis	100.8174386921
UniRef90_R6J881	98.9071038251
UniRef90_R6J881|g__Bacteroides.s__Bacteroides_ovatus	98.9071038251
UniRef90_A8S6F2	94.1129925621
UniRef90_A8S6F2|g__Faecalibacterium.s__Faecalibacterium_prausnitzii	94.1129925621
UniRef90_T5LYP9	93.9824052240
UniRef90_T5LYP9|g__Ruminococcus.s__Ruminococcus_sp_5_1_39BFAA	93.9824052240
UniRef90_J7TUV6	91.0831688261
UniRef90_J7TUV6|g__Streptococcus.s__Streptococcus_salivarius	91.0831688261
UniRef90_A5KL05	84.3787915554
UniRef90_A5KL05|g__Lachnospiraceae_noname.s__Lachnospiraceae_bacterium_8_1_57FAA	55.9645717059
UniRef90_A5KL05|g__Blautia.s__Ruminococcus_torques	28.4142198496
UniRef90_R9HTU6	83.7912378828
UniRef90_R9HTU6|g__Bacteroides.s__Bacteroides_uniformis	83.7912378828
UniRef90_C0BF72	81.6326530612
UniRef90_C0BF72|g__Coprococcus.s__Coprococcus_comes	81.6326530612
UniRef90_O63701	75.6479807113
UniRef90_O63701|unclassified	75.6479807113
UniRef90_C7H679	71.4285714286
UniRef90_C7H679|g__Faecalibacterium.s__Faecalibacterium_prausnitzii	71.4285714286
UniRef90_A8S7R2	68.7022900763
UniRef90_A8S7R2|g__Faecalibacterium.s__Faecalibacterium_prausnitzii	68.7022900763
UniRef90_D4LUC2	59.6657690550
UniRef90_D4LUC2|g__Blautia.s__Ruminococcus_obeum	59.6657690550
UniRef90_A5ZYV3	59.1844527375
UniRef90_A5ZYV3|g__Blautia.s__Ruminococcus_obeum	59.1844527375
UniRef90_U2LZK2	58.0912863071
UniRef90_U2LZK2|g__Ruminococcus.s__Ruminococcus_callidus	58.0912863071
UniRef90_C7GIH2	57.6923076923
UniRef90_C7GIH2|g__Roseburia.s__Roseburia_intestinalis	57.6923076923
UniRef90_A5Z2Z7	57.5417840790
UniRef90_A5Z2Z7|g__Dorea.s__Dorea_longicatena	57.5417840790
UniRef90_A5KRH1	57.3248407643
UniRef90_A5KRH1|g__Blautia.s__Ruminococcus_torques	57.3248407643
UniRef90_UPI0001532979	52.7772443836
UniRef90_UPI0001532979|g__Clostridium.s__Clostridium_scindens	37.1431897933
UniRef90_UPI0001532979|g__Ruminococcus.s__Ruminococcus_lactaris	11.2092758292
UniRef90_UPI0001532979|g__Blautia.s__Ruminococcus_torques	4.4247787611
UniRef90_A5ZBN2	52.6315789474
UniRef90_A5ZBN2|g__Bacteroides.s__Bacteroides_caccae	52.6315789474
UniRef90_A6BKX8	50.3597122302
UniRef90_A6BKX8|g__Dorea.s__Dorea_longicatena	50.3597122302
UniRef90_P54634	46.6821961304
UniRef90_P54634|unclassified	46.6821961304
UniRef90_R5K264	46.6472303207
UniRef90_R5K264|g__Bacteroides.s__Bacteroides_stercoris	46.6472303207
UniRef90_UPI0001A5D116	45.4545454545
UniRef90_UPI0001A5D116|g__Bifidobacterium.s__Bifidobacterium_longum	45.4545454545
UniRef90_C3R491	43.6681222707
UniRef90_C3R491|g__Bacteroides.s__Bacteroides_intestinalis	21.8340611354
UniRef90_C3R491|g__Bacteroides.s__Bacteroides_uniformis	21.8340611354
UniRef90_A5ZYV6	42.7790473492
UniRef90_A5ZYV6|g__Blautia.s__Ruminococcus_obeum	42.7790473492
UniRef90_A6L9X9	42.6136363636
UniRef90_A6L9X9|g__Bacteroides.s__Bacteroides_dorei	42.6136363636
UniRef90_A1A270	41.1017110902
UniRef90_A1A270|g__Bifidobacterium.s__Bifidobacterium_adolescentis	41.1017110902
UniRef90_A7A2I8	40.6135844253
UniRef90_A7A2I8|g__Bifidobacterium.s__Bifidobacterium_adolescentis	40.6135844253
UniRef90_R6JES1	38.5478578581
UniRef90_R6JES1|g__Bacteroides.s__Bacteroides_caccae	38.5478578581
UniRef90_D0TLK8	36.8098159509
UniRef90_D0TLK8|g__Bacteroides.s__Bacteroides_ovatus	36.8098159509
UniRef90_A7LQH0	36.3636363636
UniRef90_A7LQH0|g__Bacteroides.s__Bacteroides_ovatus	36.3636363636
UniRef90_A7V2M8	36.1003748195
UniRef90_A7V2M8|g__Bacteroides.s__Bacteroides_uniformis	36.1003748195
UniRef90_A8S6F0	35.2554768727
UniRef90_A8S6F0|g__Faecalibacterium.s__Faecalibacterium_prausnitzii	35.2554768727
UniRef90_F3R5J3	33.7078651685
UniRef90_F3R5J3|g__Enterococcus.s__Enterococcus_faecalis	33.7078651685
UniRef90_UPI0001FABDB5	32.5898469356
UniRef90_UPI0001FABDB5|g__Dorea.s__Dorea_longicatena	32.5898469356
UniRef90_D4VB58	32.2580645161
UniRef90_D4VB58|g__Bacteroides.s__Bacteroides_vulgatus	32.2580645161
UniRef90_UPI00015E6A9A	30.9734513274
UniRef90_UPI00015E6A9A|g__Faecalibacterium.s__Faecalibacterium_prausnitzii	30.9734513274
UniRef90_L2CS94	30.1369863014
UniRef90_L2CS94|g__Escherichia.s__Escherichia_coli	30.1369863014
UniRef90_B0NWG0	28.8614905333
UniRef90_B0NWG0|g__Bacteroides.s__Bacteroides_stercoris	28.8614905333
UniRef90_B2UMR7	28.0373831776
UniRef90_B2UMR7|g__Akkermansia.s__Akkermansia_muciniphila	28.0373831776
UniRef90_D4IMJ2	28.0373831776
UniRef90_D4IMJ2|g__Alistipes.s__Alistipes_shahii	28.0373831776
UniRef90_M4WIM0	27.9360252544
UniRef90_M4WIM0|unclassified	27.9360252544
UniRef90_A7A2J0	27.5229357798
UniRef90_A7A2J0|g__Bifidobacterium.s__Bifidobacterium_adolescentis	27.5229357798
UniRef90_Q8JXI4	25.6575592422
UniRef90_Q8JXI4|unclassified	25.6575592422
UniRef90_A5ZYK6	24.8646068129
UniRef90_A5ZYK6|g__Blautia.s__Ruminococcus_obeum	24.8646068129
UniRef90_Q5L8B5	24.8415114613
UniRef90_Q5L8B5|g__Bacteroides.s__Bacteroides_uniformis	23.4375000000
UniRef90_Q5L8B5|g__Bacteroides.s__Bacteroides_massiliensis	1.4040114613
UniRef90_D4K336	24.7349823322
UniRef90_D4K336|g__Faecalibacterium.s__Faecalibacterium_prausnitzii	24.7349823322
UniRef90_D4INR6	23.4375000000
UniRef90_D4INR6|g__Alistipes.s__Alistipes_shahii	23.4375000000
UniRef90_Q8A475	23.3644859813
UniRef90_Q8A475|g__Bacteroides.s__Bacteroides_massiliensis	23.3644859813
UniRef90_E4NXK9	22.9508196721
UniRef90_E4NXK9|g__Bifidobacterium.s__Bifidobacterium_adolescentis	22.9508196721
UniRef90_B0NER4	22.8602133482
UniRef90_B0NER4|g__Clostridium.s__Clostridium_scindens	22.8602133482
UniRef90_D6E7S7	21.9780219780
UniRef90_D6E7S7|g__Eggerthella.s__Eggerthella_lenta	21.9780219780
UniRef90_D4KLU4	21.9123505976
UniRef90_D4KLU4|g__Roseburia.s__Roseburia_intestinalis	21.9123505976
UniRef90_D4K653	19.5652173913
UniRef90_D4K653|g__Faecalibacterium.s__Faecalibacterium_prausnitzii	19.5652173913
UniRef90_C0BF71	19.2307692308
UniRef90_C0BF71|g__Coprococcus.s__Coprococcus_comes	19.2307692308
UniRef90_R7FDA7	18.3673469388
UniRef90_R7FDA7|g__Ruminococcus.s__Ruminococcus_callidus	18.3673469388
UniRef90_B0G8L7	18.1818181818
UniRef90_B0G8L7|g__Dorea.s__Dorea_formicigenerans	18.1818181818
UniRef90_R5ZIG3	17.9775280899
UniRef90_R5ZIG3|g__Collinsella.s__Collinsella_aerofaciens	17.9775280899
UniRef90_R5W1D9	17.7383592018
UniRef90_R5W1D9|g__Alistipes.s__Alistipes_shahii	17.7383592018
UniRef90_R7JKW6	17.5324675325
UniRef90_R7JKW6|g__Alistipes.s__Alistipes_finegoldii	8.7700759432
UniRef90_R7JKW6|g__Alistipes.s__Alistipes_shahii	8.7623915892
UniRef90_A6L7D4	17.1919770774
UniRef90_A6L7D4|g__Bacteroides.s__Bacteroides_vulgatus	11.4613180516
UniRef90_A6L7D4|g__Bacteroides.s__Bacteroides_dorei	5.7306590258
UniRef90_U2KV00	16.5745856354
UniRef90_U2KV00|g__Ruminococcus.s__Ruminococcus_callidus	16.5745856354
UniRef90_R6J7A0	16.4256559880
UniRef90_R6J7A0|g__Bacteroides.s__Bacteroides_caccae	16.4256559880
UniRef90_D4IKA9	16.2748643761
UniRef90_D4IKA9|g__Alistipes.s__Alistipes_shahii	16.2748643761
UniRef90_L0CZD0	16.1943319838
UniRef90_L0CZD0|g__Enterococcus.s__Enterococcus_faecalis	16.1943319838
UniRef90_F7L7V6	15.5440414508
UniRef90_F7L7V6|g__Bacteroides.s__Bacteroides_ovatus	15.5440414508
UniRef90_I9JA28	14.7540983607
UniRef90_I9JA28|g__Bacteroides.s__Bacteroides_uniformis	14.7540983607
UniRef90_R7JR95	14.6443514644
UniRef90_R7JR95|g__Alistipes.s__Alistipes_putredinis	14.6443514644
UniRef90_D4JY40	14.4578313253
UniRef90_D4JY40|g__Faecalibacterium.s__Faecalibacterium_prausnitzii	14.4578313253
UniRef90_I3YMA0	14.1342756184
UniRef90_I3YMA0|g__Alistipes.s__Alistipes_finegoldii	14.1342756184
UniRef90_Q5M0X3	13.9534883721
UniRef90_Q5M0X3|g__Streptococcus.s__Streptococcus_salivarius	13.9534883721
UniRef90_A8S9X2	13.8462194914
UniRef90_A8S9X2|g__Faecalibacterium.s__Faecalibacterium_prausnitzii	13.8462194914
UniRef90_A6KZ78	13.7931034483
UniRef90_A6KZ78|g__Bacteroides.s__Bacteroides_stercoris	13.7931034483
UniRef90_R5WIY4	13.2743362832
UniRef90_R5WIY4|g__Alistipes.s__Alistipes_shahii	13.2743362832
UniRef90_R7EL18	13.2325141777
UniRef90_R7EL18|g__Bacteroides.s__Bacteroides_uniformis	13.2325141777
UniRef90_R5WKA3	13.1291028446
UniRef90_R5WKA3|g__Alistipes.s__Alistipes_shahii	13.1291028446
UniRef90_B5CLP7	12.9375082741
UniRef90_B5CLP7|g__Ruminococcus.s__Ruminococcus_lactaris	12.9375082741
UniRef90_F7LMS8	12.8755364807
UniRef90_F7LMS8|g__Bacteroides.s__Bacteroides_dorei	12.8755364807
UniRef90_A5ZQM3	12.6050420168
UniRef90_A5ZQM3|g__Blautia.s__Ruminococcus_obeum	12.6050420168
UniRef90_E2ZMJ5	12.5490428028
UniRef90_E2ZMJ5|g__Faecalibacterium.s__Faecalibacterium_prausnitzii	12.5490428028
UniRef90_A5KMC2	12.4729225972
UniRef90_A5KMC2|g__Blautia.s__Ruminococcus_torques	12.4729225972
UniRef90_T2BHQ8	12.1951219512
UniRef90_T2BHQ8|g__Bacteroides.s__Bacteroides_ovatus	12.1951219512
UniRef90_Q5L8B6	11.9575296349
UniRef90_Q5L8B6|g__Bacteroides.s__Bacteroides_massiliensis	11.9575296349
UniRef90_Q8ABZ4	11.7647058824
UniRef90_Q8ABZ4|g__Bacteroides.s__Bacteroides_vulgatus	7.5721096596
UniRef90_Q8ABZ4|g__Bacteroides.s__Bacteroides_dorei	4.1925962227
UniRef90_D4ILF2	11.6618075802
UniRef90_D4ILF2|g__Alistipes.s__Alistipes_shahii	11.6618075802
UniRef90_Q8A466	11.5321252059
UniRef90_Q8A466|g__Bacteroides.s__Bacteroides_ovatus	11.5321252059
UniRef90_I8YDX1	11.3636363636
UniRef90_I8YDX1|g__Bacteroides.s__Bacteroides_ovatus	11.3636363636
UniRef90_F9ZCL3	11.3250283126
UniRef90_F9ZCL3|g__Alistipes.s__Alistipes_finegoldii	11.3250283126
UniRef90_R7EIF2	11.2704918033
UniRef90_R7EIF2|g__Bacteroides.s__Bacteroides_uniformis	11.2704918033
UniRef90_R7EG02	11.1731843575
UniRef90_R7EG02|g__Bacteroides.s__Bacteroides_uniformis	11.1731843575
UniRef90_I3YKT5	11.0497237569
UniRef90_I3YKT5|g__Alistipes.s__Alistipes_shahii	11.0497237569
UniRef90_I9UA41	10.9890109890
UniRef90_I9UA41|g__Bacteroides.s__Bacteroides_uniformis	10.9890109890
UniRef90_I3YIW3	10.8991825613
UniRef90_I3YIW3|g__Alistipes.s__Alistipes_finegoldii	6.8753221887
UniRef90_I3YIW3|g__Alistipes.s__Alistipes_putredinis	4.0238603726
UniRef90_R6VTK0	10.5263157895
UniRef90_R6VTK0|g__Bacteroides.s__Bacteroides_caccae	7.7194929610
UniRef90_R6VTK0|g__Bacteroides.s__Bacteroides_massiliensis	2.8068228284
UniRef90_D4IJI2	10.4031209363
UniRef90_D4IJI2|g__Alistipes.s__Alistipes_shahii	10.4031209363
UniRef90_D4K1X3	10.3305785124
UniRef90_D4K1X3|g__Faecalibacterium.s__Faecalibacterium_prausnitzii	10.3305785124
UniRef90_Q5LCF6	10.3092783505
UniRef90_Q5LCF6|g__Bacteroides.s__Bacteroides_stercoris	10.3092783505
UniRef90_A0ZXS0	10.1996294446
UniRef90_A0ZXS0|unclassified	10.1996294446
UniRef90_D4IJ28	9.8576122673
UniRef90_D4IJ28|g__Alistipes.s__Alistipes_shahii	9.8576122673
UniRef90_R7JJ58	9.8410295231
UniRef90_R7JJ58|g__Alistipes.s__Alistipes_putredinis	9.8410295231
UniRef90_R7JJ18	9.7087378641
UniRef90_R7JJ18|g__Alistipes.s__Alistipes_putredinis	9.7087378641
UniRef90_A0ZXP9	9.4898307452
UniRef90_A0ZXP9|unclassified	9.4898307452
UniRef90_R7NWJ0	9.4339622642
UniRef90_R7NWJ0|g__Bacteroides.s__Bacteroides_massiliensis	9.4339622642
UniRef90_R6KE91	9.3676814988
UniRef90_R6KE91|g__Bacteroides.s__Bacteroides_intestinalis	9.3676814988
UniRef90_R7JGB6	9.3167701863
UniRef90_R7JGB6|g__Alistipes.s__Alistipes_putredinis	9.3167701863
UniRef90_C7H4C1	9.2936802974
UniRef90_C7H4C1|g__Faecalibacterium.s__Faecalibacterium_prausnitzii	9.2936802974
UniRef90_G2SX25	9.2838196286
UniRef90_G2SX25|g__Roseburia.s__Roseburia_hominis	9.2838196286
UniRef90_A0ZXP3	9.2665030082
UniRef90_A0ZXP3|unclassified	9.2665030082
UniRef90_R5U2J5	9.2378752887
UniRef90_R5U2J5|g__Bacteroides.s__Bacteroides_caccae	9.2378752887
UniRef90_C4Z2Q8	9.0090090090
UniRef90_C4Z2Q8|g__Eubacterium.s__Eubacterium_eligens	9.0090090090
UniRef90_R7JKN6	8.8967971530
UniRef90_R7JKN6|g__Alistipes.s__Alistipes_putredinis	8.8967971530
UniRef90_R5E7M0	8.7623220153
UniRef90_R5E7M0|g__Ruminococcus.s__Ruminococcus_bromii	8.7623220153
UniRef90_D4IN26	8.6260959192
UniRef90_D4IN26|g__Alistipes.s__Alistipes_shahii	8.6260959192
UniRef90_D4WGY7	8.5679314565
UniRef90_D4WGY7|g__Bacteroides.s__Bacteroides_ovatus	8.5679314565
UniRef90_I9TTU8	8.4745762712
UniRef90_I9TTU8|g__Bacteroides.s__Bacteroides_uniformis	8.4745762712
UniRef90_E6UGY9	8.4566596195
UniRef90_E6UGY9|g__Ruminococcus.s__Ruminococcus_callidus	8.4566596195
UniRef90_E2ZJ80	8.3955223881
UniRef90_E2ZJ80|g__Faecalibacterium.s__Faecalibacterium_prausnitzii	8.3955223881
UniRef90_B0MUF4	8.3798882682
UniRef90_B0MUF4|g__Alistipes.s__Alistipes_putredinis	8.3798882682
UniRef90_D4ILI1	8.3143902965
UniRef90_D4ILI1|g__Alistipes.s__Alistipes_shahii	8.3143902965
UniRef90_Q6EW76	8.2775219651
UniRef90_Q6EW76|unclassified	8.2775219651
UniRef90_G1ULR2	8.2417582418
UniRef90_G1ULR2|g__Bacteroides.s__Bacteroides_dorei	8.2417582418
UniRef90_B0N033	8.1240768095
UniRef90_B0N033|g__Alistipes.s__Alistipes_putredinis	8.1240768095
UniRef90_R7EC26	8.0572963295
UniRef90_R7EC26|g__Bacteroides.s__Bacteroides_uniformis	8.0572963295
UniRef90_B0MXX6	7.9051383399
UniRef90_B0MXX6|g__Alistipes.s__Alistipes_putredinis	7.9051383399
UniRef90_R7EE14	7.8492935636
UniRef90_R7EE14|g__Bacteroides.s__Bacteroides_uniformis	7.8492935636
UniRef90_S6CFT1	7.8492935636
UniRef90_S6CFT1|g__Adlercreutzia.s__Adlercreutzia_equolifaciens	7.8492935636
UniRef90_R6GA64	7.7922077922
UniRef90_R6GA64|g__Bacteroides.s__Bacteroides_uniformis	7.7922077922
UniRef90_A6KYJ8	7.7922077922
UniRef90_A6KYJ8|g__Bacteroides.s__Bacteroides_vulgatus	7.7922077922
UniRef90_R5C2Q1	7.6923076923
UniRef90_R5C2Q1|g__Bacteroides.s__Bacteroides_uniformis	7.6923076923
UniRef90_B2UQF8	7.5642965204
UniRef90_B2UQF8|g__Akkermansia.s__Akkermansia_muciniphila	7.5642965204
UniRef90_G2T399	7.5566750630
UniRef90_G2T399|g__Blautia.s__Ruminococcus_obeum	2.5188916877
UniRef90_G2T399|g__Roseburia.s__Roseburia_hominis	2.5188916877
UniRef90_G2T399|g__Roseburia.s__Roseburia_intestinalis	2.5188916877
UniRef90_D4V6M2	7.4710143229
UniRef90_D4V6M2|g__Bacteroides.s__Bacteroides_vulgatus	7.4710143229
UniRef90_I3YKN2	7.4013157895
UniRef90_I3YKN2|g__Alistipes.s__Alistipes_finegoldii	7.4013157895
UniRef90_D4WCN5	7.3759006819
UniRef90_D4WCN5|g__Bacteroides.s__Bacteroides_caccae	5.6103468937
UniRef90_D4WCN5|g__Bacteroides.s__Bacteroides_ovatus	1.7655537882
UniRef90_I9GA88	7.2164948454
UniRef90_I9GA88|g__Bacteroides.s__Bacteroides_vulgatus	5.1546391753
UniRef90_I9GA88|g__Bacteroides.s__Bacteroides_dorei	2.0618556701
UniRef90_R7EDS2	7.1942446043
UniRef90_R7EDS2|g__Bacteroides.s__Bacteroides_uniformis	7.1942446043
UniRef90_J7SHX6	7.0583292487
UniRef90_J7SHX6|g__Streptococcus.s__Streptococcus_salivarius	7.0583292487
UniRef90_D4INA6	6.9930069930
UniRef90_D4INA6|g__Alistipes.s__Alistipes_shahii	6.9930069930
UniRef90_R7JKX6	6.9138906348
UniRef90_R7JKX6|g__Alistipes.s__Alistipes_putredinis	6.9138906348
UniRef90_A6L735	6.8886337543
UniRef90_A6L735|g__Bacteroides.s__Bacteroides_vulgatus	6.8886337543
UniRef90_R7ED67	6.8762278978
UniRef90_R7ED67|g__Bacteroides.s__Bacteroides_uniformis	6.8762278978
UniRef90_E2ZIV6	6.7669172932
UniRef90_E2ZIV6|g__Faecalibacterium.s__Faecalibacterium_prausnitzii	6.7669172932
UniRef90_J9FUZ5	6.7624683009
UniRef90_J9FUZ5|g__Bacteroides.s__Bacteroides_massiliensis	6.7624683009
UniRef90_D4K818	6.6914498141
UniRef90_D4K818|g__Faecalibacterium.s__Faecalibacterium_prausnitzii	6.6914498141
UniRef90_R6ALP3	6.6518847007
UniRef90_R6ALP3|g__Bacteroides.s__Bacteroides_uniformis	4.4345898004
UniRef90_R6ALP3|g__Bacteroides.s__Bacteroides_ovatus	2.2172949002
UniRef90_R5HXI3	6.6225165563
UniRef90_R5HXI3|g__Roseburia.s__Roseburia_hominis	6.6225165563
UniRef90_Q64SD6	6.5789473684
UniRef90_Q64SD6|g__Bacteroides.s__Bacteroides_ovatus	6.5789473684
UniRef90_R7EHP1	6.5717415115
UniRef90_R7EHP1|g__Bacteroides.s__Bacteroides_intestinalis	6.5717415115
UniRef90_D4ILJ9	6.4051240993
UniRef90_D4ILJ9|g__Alistipes.s__Alistipes_shahii	6.4051240993
UniRef90_Q5L890	6.4043915828
UniRef90_Q5L890|g__Bacteroides.s__Bacteroides_uniformis	5.4894784995
UniRef90_Q5L890|g__Bacteroides.s__Bacteroides_massiliensis	0.9149130833
UniRef90_C5EBV4	6.3694267516
UniRef90_C5EBV4|g__Bifidobacterium.s__Bifidobacterium_longum	6.3694267516
UniRef90_R7EMD5	6.3626723224
UniRef90_R7EMD5|g__Bacteroides.s__Bacteroides_uniformis	6.3626723224
UniRef90_U2JYS5	6.2814070352
UniRef90_U2JYS5|g__Ruminococcus.s__Ruminococcus_callidus	6.2814070352
UniRef90_D4ILW3	6.2344139651
UniRef90_D4ILW3|g__Alistipes.s__Alistipes_shahii	6.2344139651
UniRef90_R7NUA4	6.2333036509
UniRef90_R7NUA4|g__Bacteroides.s__Bacteroides_massiliensis	6.2333036509
UniRef90_Q8JKD4	6.2238999810
UniRef90_Q8JKD4|unclassified	6.2238999810
UniRef90_D4IL28	6.1837455830
UniRef90_D4IL28|g__Alistipes.s__Alistipes_shahii	6.1837455830
UniRef90_Q64SF5	6.1349693252
UniRef90_Q64SF5|g__Bacteroides.s__Bacteroides_stercoris	6.1349693252
UniRef90_Q64SD5	6.0964736644
UniRef90_Q64SD5|g__Bacteroides.s__Bacteroides_ovatus	4.2956437098
UniRef90_Q64SD5|g__Bacteroides.s__Bacteroides_dorei	1.8008299546
UniRef90_R7EF60	6.0728744939
UniRef90_R7EF60|g__Bacteroides.s__Bacteroides_uniformis	6.0728744939
UniRef90_Q5LD82	6.0200668896
UniRef90_Q5LD82|g__Bacteroides.s__Bacteroides_uniformis	5.3511705686
UniRef90_Q5LD82|g__Bacteroides.s__Bacteroides_stercoris	0.6688963211
UniRef90_R7D5I2	6.0096153846
UniRef90_R7D5I2|g__Collinsella.s__Collinsella_aerofaciens	6.0096153846
UniRef90_A6L5E4	5.9171597633
UniRef90_A6L5E4|g__Bacteroides.s__Bacteroides_vulgatus	5.9171597633
UniRef90_I3YNL6	5.8651026393
UniRef90_I3YNL6|g__Alistipes.s__Alistipes_finegoldii	5.8651026393
UniRef90_D4KQ66	5.8139534884
UniRef90_D4KQ66|g__Roseburia.s__Roseburia_hominis	5.8139534884
UniRef90_R5W3L4	5.7851239669
UniRef90_R5W3L4|g__Alistipes.s__Alistipes_shahii	5.7851239669
UniRef90_R6IMC3	5.7803468208
UniRef90_R6IMC3|g__Bacteroides.s__Bacteroides_dorei	2.8901734104
UniRef90_R6IMC3|g__Bacteroides.s__Bacteroides_vulgatus	2.8901734104
UniRef90_R6KKT5	5.7306590258
UniRef90_R6KKT5|g__Bacteroides.s__Bacteroides_intestinalis	5.7306590258
UniRef90_C4ZBE7	5.7142857143
UniRef90_C4ZBE7|g__Eubacterium.s__Eubacterium_rectale	5.7142857143
UniRef90_R6K6E0	5.7142857143
UniRef90_R6K6E0|g__Bacteroides.s__Bacteroides_ovatus	5.7142857143
UniRef90_Q5L8A9	5.7034220532
UniRef90_Q5L8A9|g__Bacteroides.s__Bacteroides_caccae	5.7034220532
UniRef90_D4LKG3	5.6710775047
UniRef90_D4LKG3|g__Blautia.s__Ruminococcus_obeum	5.6710775047
UniRef90_A7B8Q3	5.6179775281
UniRef90_A7B8Q3|g__Actinomyces.s__Actinomyces_odontolyticus	5.6179775281
UniRef90_Q8A485	5.6179775281
UniRef90_Q8A485|g__Bacteroides.s__Bacteroides_intestinalis	5.6179775281
UniRef90_F7UWC3	5.5865921788
UniRef90_F7UWC3|g__Adlercreutzia.s__Adlercreutzia_equolifaciens	2.7932960894
UniRef90_F7UWC3|g__Gordonibacter.s__Gordonibacter_pamelaeae	2.7932960894
UniRef90_R6HW91	5.5710306407
UniRef90_R6HW91|g__Bacteroides.s__Bacteroides_vulgatus	5.5710306407
UniRef90_R6L6C9	5.4988216811
UniRef90_R6L6C9|g__Bacteroides.s__Bacteroides_intestinalis	5.4988216811
UniRef90_D4IJ62	5.4858934169
UniRef90_D4IJ62|g__Alistipes.s__Alistipes_shahii	5.4858934169
UniRef90_R6HHC0	5.4844606947
UniRef90_R6HHC0|g__Bacteroides.s__Bacteroides_vulgatus	5.4844606947
UniRef90_A7A2I7	5.4347826087
UniRef90_A7A2I7|g__Bifidobacterium.s__Bifidobacterium_adolescentis	5.4347826087
UniRef90_R6AK60	5.4347826087
UniRef90_R6AK60|g__Bacteroides.s__Bacteroides_uniformis	5.4347826087
UniRef90_R7EPY5	5.4347826087
UniRef90_R7EPY5|g__Bacteroides.s__Bacteroides_uniformis	5.4347826087
UniRef90_A6KXG5	5.4151624549
UniRef90_A6KXG5|g__Bacteroides.s__Bacteroides_vulgatus	5.4151624549
UniRef90_A5KRI2	5.3475935829
UniRef90_A5KRI2|g__Blautia.s__Ruminococcus_torques	5.3475935829
UniRef90_R7EJI4	5.2631578947
UniRef90_R7EJI4|g__Bacteroides.s__Bacteroides_uniformis	5.2631578947
UniRef90_U2KBF3	5.1724137931
UniRef90_U2KBF3|g__Ruminococcus.s__Ruminococcus_callidus	5.1724137931
UniRef90_R6W080	5.1244509517
UniRef90_R6W080|g__Bacteroides.s__Bacteroides_massiliensis	2.9322146760
UniRef90_R6W080|g__Bacteroides.s__Bacteroides_ovatus	2.1922362756
UniRef90_A7B8Q0	4.9799558258
UniRef90_A7B8Q0|g__Clostridium.s__Clostridium_scindens	4.9799558258
UniRef90_P59220	4.9702621335
UniRef90_P59220|unclassified	4.9702621335
UniRef90_E6SPN9	4.8899755501
UniRef90_E6SPN9|g__Bacteroides.s__Bacteroides_uniformis	4.8899755501
UniRef90_R7EK72	4.8882681564
UniRef90_R7EK72|g__Bacteroides.s__Bacteroides_uniformis	4.8882681564
UniRef90_D4L7H0	4.8780487805
UniRef90_D4L7H0|g__Ruminococcus.s__Ruminococcus_bromii	4.8780487805
UniRef90_E2ZJD8	4.8638392615
UniRef90_E2ZJD8|g__Faecalibacterium.s__Faecalibacterium_prausnitzii	4.8638392615
UniRef90_D6D503	4.8551526204
UniRef90_D6D503|g__Bacteroides.s__Bacteroides_ovatus	4.8551526204
UniRef90_Q45122	4.8076923077
UniRef90_Q45122|g__Bacteroides.s__Bacteroides_caccae	4.8076923077
UniRef90_Q8ABE2	4.8076923077
UniRef90_Q8ABE2|g__Bacteroides.s__Bacteroides_massiliensis	4.8076923077
UniRef90_I9IQ26	4.7984644914
UniRef90_I9IQ26|g__Bacteroides.s__Bacteroides_uniformis	4.7984644914
UniRef90_C7MLY4	4.7438330171
UniRef90_C7MLY4|g__Adlercreutzia.s__Adlercreutzia_equolifaciens	4.7438330171
UniRef90_R6L687	4.7297297297
UniRef90_R6L687|g__Bacteroides.s__Bacteroides_intestinalis	4.7297297297
UniRef90_A6L740	4.7106325707
UniRef90_A6L740|g__Bacteroides.s__Bacteroides_vulgatus	4.7106325707
UniRef90_D4K666	4.7058823529
UniRef90_D4K666|g__Faecalibacterium.s__Faecalibacterium_prausnitzii	4.7058823529
UniRef90_U2M368	4.5385779123
UniRef90_U2M368|g__Ruminococcus.s__Ruminococcus_callidus	4.5385779123
UniRef90_R5MIX2	4.5278137128
UniRef90_R5MIX2|g__Bacteroides.s__Bacteroides_vulgatus	3.2376489311
UniRef90_R5MIX2|g__Bacteroides.s__Bacteroides_dorei	1.2901647817
UniRef90_D4IKW2	4.5012520271
UniRef90_D4IKW2|g__Alistipes.s__Alistipes_shahii	4.5012520271
UniRef90_R6B6U3	4.4247787611
UniRef90_R6B6U3|g__Roseburia.s__Roseburia_intestinalis	4.4247787611
UniRef90_R7P3A9	4.4215180545
UniRef90_R7P3A9|g__Bacteroides.s__Bacteroides_vulgatus	2.2188125537
UniRef90_R7P3A9|g__Bacteroides.s__Bacteroides_massiliensis	2.2027055008
UniRef90_I3YL73	4.4101433297
UniRef90_I3YL73|g__Alistipes.s__Alistipes_finegoldii	4.4101433297
UniRef90_D4IJN5	4.3415340087
UniRef90_D4IJN5|g__Alistipes.s__Alistipes_shahii	4.3415340087
UniRef90_E6SS50	4.2553191489
UniRef90_E6SS50|g__Bacteroides.s__Bacteroides_uniformis	4.2553191489
UniRef90_D4K583	4.2158516020
UniRef90_D4K583|g__Faecalibacterium.s__Faecalibacterium_prausnitzii	4.2158516020
UniRef90_Q5LI35	4.2105263158
UniRef90_Q5LI35|g__Bacteroides.s__Bacteroides_caccae	4.2105263158
UniRef90_R6J2X7	4.2052144659
UniRef90_R6J2X7|g__Bacteroides.s__Bacteroides_ovatus	4.2052144659
UniRef90_A6L2S8	4.1820679855
UniRef90_A6L2S8|g__Bacteroides.s__Bacteroides_vulgatus	4.1820679855
UniRef90_I3YIB3	4.1736227045
UniRef90_I3YIB3|g__Alistipes.s__Alistipes_finegoldii	4.1736227045
UniRef90_I3YMU6	4.1208791209
UniRef90_I3YMU6|g__Alistipes.s__Alistipes_finegoldii	4.1208791209
UniRef90_A6L1J8	4.0983606557
UniRef90_A6L1J8|g__Bacteroides.s__Bacteroides_vulgatus	4.0983606557
UniRef90_C6ZB12	4.0983606557
UniRef90_C6ZB12|g__Bacteroides.s__Bacteroides_dorei	4.0983606557
UniRef90_R6R7B4	4.0816326531
UniRef90_R6R7B4|g__Faecalibacterium.s__Faecalibacterium_prausnitzii	4.0816326531
UniRef90_O16305	4.0798146719
UniRef90_O16305|unclassified	4.0798146719
UniRef90_A6L2M8	4.0556199305
UniRef90_A6L2M8|g__Bacteroides.s__Bacteroides_dorei	4.0556199305
UniRef90_R6AZG3	4.0080160321
UniRef90_R6AZG3|g__Bacteroides.s__Bacteroides_stercoris	4.0080160321
UniRef90_R6KEM7	4.0080160321
UniRef90_R6KEM7|g__Bacteroides.s__Bacteroides_ovatus	4.0080160321
UniRef90_A6L108	4.0000000000
UniRef90_A6L108|g__Bacteroides.s__Bacteroides_uniformis	4.0000000000
UniRef90_E0VQ86	3.9938232620
UniRef90_E0VQ86|unclassified	3.9938232620
UniRef90_R5JPY9	3.9840637450
UniRef90_R5JPY9|g__Bacteroides.s__Bacteroides_uniformis	3.9840637450
UniRef90_R5U6B9	3.9761431412
UniRef90_R5U6B9|g__Bacteroides.s__Bacteroides_caccae	3.9761431412
UniRef90_C7H2J7	3.9525691700
UniRef90_C7H2J7|g__Faecalibacterium.s__Faecalibacterium_prausnitzii	3.9525691700
UniRef90_G2T0H5	3.9525691700
UniRef90_G2T0H5|g__Roseburia.s__Roseburia_hominis	3.9525691700
UniRef90_C6JF72	3.9473684211
UniRef90_C6JF72|g__Ruminococcus.s__Ruminococcus_sp_5_1_39BFAA	3.9473684211
UniRef90_R7D3R9	3.9473684211
UniRef90_R7D3R9|g__Blautia.s__Ruminococcus_obeum	3.9473684211
UniRef90_R5WW62	3.9318479685
UniRef90_R5WW62|g__Alistipes.s__Alistipes_shahii	3.9318479685
UniRef90_D4M3C4	3.9062500000
UniRef90_D4M3C4|g__Blautia.s__Ruminococcus_torques	3.9062500000
UniRef90_R5W8J4	3.9011703511
UniRef90_R5W8J4|g__Alistipes.s__Alistipes_shahii	3.9011703511
UniRef90_C4ZUJ6	3.9005837042
UniRef90_C4ZUJ6|g__Escherichia.s__Escherichia_coli	3.9005837042
UniRef90_I3YQS2	3.8722168441
UniRef90_I3YQS2|g__Alistipes.s__Alistipes_shahii	3.8722168441
UniRef90_R7JJF3	3.8598574822
UniRef90_R7JJF3|g__Alistipes.s__Alistipes_putredinis	3.8598574822
UniRef90_E2ZH49	3.8387715931
UniRef90_E2ZH49|g__Faecalibacterium.s__Faecalibacterium_prausnitzii	3.8387715931
UniRef90_R7EHB8	3.8167938931
UniRef90_R7EHB8|g__Bacteroides.s__Bacteroides_uniformis	3.8167938931
UniRef90_R7EGN7	3.8167938931
UniRef90_R7EGN7|g__Bacteroides.s__Bacteroides_uniformis	3.8167938931
UniRef90_D4IJJ7	3.8119440915
UniRef90_D4IJJ7|g__Alistipes.s__Alistipes_shahii	3.8119440915
UniRef90_B7P3X2	3.7699066786
UniRef90_B7P3X2|unclassified	3.7699066786
UniRef90_K1G6X3	3.7471884131
UniRef90_K1G6X3|g__Bacteroides.s__Bacteroides_uniformis	3.7471884131
UniRef90_R6K9Z3	3.7383177570
UniRef90_R6K9Z3|g__Bacteroides.s__Bacteroides_ovatus	3.7383177570
UniRef90_S6C0T4	3.7313432836
UniRef90_S6C0T4|g__Adlercreutzia.s__Adlercreutzia_equolifaciens	3.7313432836
UniRef90_R7JIQ0	3.7151702786
UniRef90_R7JIQ0|g__Alistipes.s__Alistipes_putredinis	3.7151702786
UniRef90_D4IJR4	3.6798528059
UniRef90_D4IJR4|g__Alistipes.s__Alistipes_shahii	3.6798528059
UniRef90_R7NPB2	3.6697247706
UniRef90_R7NPB2|g__Bacteroides.s__Bacteroides_massiliensis	3.6697247706
UniRef90_R7JG46	3.6319612591
UniRef90_R7JG46|g__Alistipes.s__Alistipes_putredinis	3.6319612591
UniRef90_D4K7Y7	3.5778175313
UniRef90_D4K7Y7|g__Faecalibacterium.s__Faecalibacterium_prausnitzii	3.5778175313
UniRef90_R7EKB7	3.5671819263
UniRef90_R7EKB7|g__Bacteroides.s__Bacteroides_uniformis	3.5671819263
UniRef90_D6E6M9	3.5523978686
UniRef90_D6E6M9|g__Gordonibacter.s__Gordonibacter_pamelaeae	3.5523978686
UniRef90_C8WJE5	3.5523978686
UniRef90_C8WJE5|g__Eggerthella.s__Eggerthella_lenta	3.5523978686
UniRef90_I3YM14	3.5335689046
UniRef90_I3YM14|g__Alistipes.s__Alistipes_shahii	3.5335689046
UniRef90_Q8A809	3.5335689046
UniRef90_Q8A809|g__Bacteroides.s__Bacteroides_ovatus	3.5335689046
UniRef90_Q5L8D3	3.4602076125
UniRef90_Q5L8D3|g__Bacteroides.s__Bacteroides_dorei	3.4602076125
UniRef90_R7JMH4	3.4602076125
UniRef90_R7JMH4|g__Alistipes.s__Alistipes_finegoldii	3.4602076125
UniRef90_R7NYC0	3.4090909091
UniRef90_R7NYC0|g__Bacteroides.s__Bacteroides_vulgatus	2.2536295384
UniRef90_R7NYC0|g__Bacteroides.s__Bacteroides_dorei	1.1554613707
UniRef90_D4L5X6	3.3994334278
UniRef90_D4L5X6|g__Ruminococcus.s__Ruminococcus_bromii	3.3994334278
UniRef90_B5QTU8	3.3955857385
UniRef90_B5QTU8|g__Escherichia.s__Escherichia_coli	3.3955857385
UniRef90_D4IPB9	3.3898305085
UniRef90_D4IPB9|g__Alistipes.s__Alistipes_shahii	2.9661016949
UniRef90_D4IPB9|g__Alistipes.s__Alistipes_finegoldii	0.4237288136
UniRef90_I3YHG5	3.3898305085
UniRef90_I3YHG5|g__Alistipes.s__Alistipes_finegoldii	3.3898305085
UniRef90_D4ILI2	3.3417669588
UniRef90_D4ILI2|g__Alistipes.s__Alistipes_shahii	3.3417669588
UniRef90_D4K0J5	3.3140016570
UniRef90_D4K0J5|g__Faecalibacterium.s__Faecalibacterium_prausnitzii	3.3140016570
UniRef90_Q5L7N5	3.2981530343
UniRef90_Q5L7N5|g__Bacteroides.s__Bacteroides_caccae	2.6385224274
UniRef90_Q5L7N5|g__Bacteroides.s__Bacteroides_ovatus	0.6596306069
UniRef90_Q5L8C3	3.2894736842
UniRef90_Q5L8C3|g__Bacteroides.s__Bacteroides_stercoris	3.2894736842
UniRef90_R6SCJ7	3.2626427406
UniRef90_R6SCJ7|g__Bacteroides.s__Bacteroides_ovatus	3.2626427406
UniRef90_M5C3D4	3.2503127382
UniRef90_M5C3D4|unclassified	3.2503127382
UniRef90_D4INE4	3.2102728732
UniRef90_D4INE4|g__Alistipes.s__Alistipes_shahii	3.2102728732
UniRef90_I3YIL8	3.1948881789
UniRef90_I3YIL8|g__Alistipes.s__Alistipes_finegoldii	3.1948881789
UniRef90_D4K340	3.1914893617
UniRef90_D4K340|g__Faecalibacterium.s__Faecalibacterium_prausnitzii	3.1914893617
UniRef90_C7H4X2	3.1645569620
UniRef90_C7H4X2|g__Faecalibacterium.s__Faecalibacterium_prausnitzii	3.1645569620
UniRef90_I3YM21	3.1347962382
UniRef90_I3YM21|g__Alistipes.s__Alistipes_putredinis	3.1347962382
UniRef90_A1A2C7	3.1120331950
UniRef90_A1A2C7|g__Bifidobacterium.s__Bifidobacterium_adolescentis	3.1120331950
UniRef90_A6L7P5	3.0506406345
UniRef90_A6L7P5|g__Bacteroides.s__Bacteroides_vulgatus	3.0506406345
UniRef90_B0MY46	3.0487804878
UniRef90_B0MY46|g__Alistipes.s__Alistipes_putredinis	3.0487804878
UniRef90_S6CDP3	3.0333670374
UniRef90_S6CDP3|g__Adlercreutzia.s__Adlercreutzia_equolifaciens	3.0333670374
UniRef90_A6L3B2	3.0120481928
UniRef90_A6L3B2|g__Bacteroides.s__Bacteroides_vulgatus	3.0120481928
UniRef90_D4IK25	2.9910269192
UniRef90_D4IK25|g__Alistipes.s__Alistipes_shahii	2.9910269192
UniRef90_R5V9W8	2.9717682021
UniRef90_R5V9W8|g__Alistipes.s__Alistipes_finegoldii	2.9717682021
UniRef90_Q64Z73	2.9607698001
UniRef90_Q64Z73|g__Bacteroides.s__Bacteroides_ovatus	2.9607698001
UniRef90_R6A3Z3	2.9411764706
UniRef90_R6A3Z3|g__Bacteroides.s__Bacteroides_uniformis	2.9411764706
UniRef90_A6L2R2	2.9154518950
UniRef90_A6L2R2|g__Bacteroides.s__Bacteroides_dorei	2.9154518950
UniRef90_R7EBB4	2.8469750890
UniRef90_R7EBB4|g__Bacteroides.s__Bacteroides_uniformis	2.8469750890
UniRef90_R5Z625	2.8409090909
UniRef90_R5Z625|g__Collinsella.s__Collinsella_aerofaciens	2.8409090909
UniRef90_R5M6Q5	2.8169014085
UniRef90_R5M6Q5|g__Bacteroides.s__Bacteroides_intestinalis	2.8169014085
UniRef90_D4IQG1	2.7952470693
UniRef90_D4IQG1|g__Alistipes.s__Alistipes_shahii	2.7952470693
UniRef90_Q5L9B7	2.7932960894
UniRef90_Q5L9B7|g__Bacteroides.s__Bacteroides_uniformis	2.7932960894
UniRef90_R7J4Q3	2.7906976744
UniRef90_R7J4Q3|g__Bacteroides.s__Bacteroides_massiliensis	2.7906976744
UniRef90_Q5LGU0	2.7739251040
UniRef90_Q5LGU0|g__Bacteroides.s__Bacteroides_ovatus	1.3869625520
UniRef90_Q5LGU0|g__Bacteroides.s__Bacteroides_uniformis	1.3869625520
UniRef90_R7JQE8	2.7522935780
UniRef90_R7JQE8|g__Alistipes.s__Alistipes_putredinis	2.7522935780
UniRef90_R6A5H6	2.7472527473
UniRef90_R6A5H6|g__Bacteroides.s__Bacteroides_stercoris	2.7472527473
UniRef90_R6IJ85	2.7218290691
UniRef90_R6IJ85|g__Bacteroides.s__Bacteroides_vulgatus	2.7218290691
UniRef90_R5WLM9	2.7081922817
UniRef90_R5WLM9|g__Alistipes.s__Alistipes_shahii	2.7081922817
UniRef90_A6L1Q1	2.7027027027
UniRef90_A6L1Q1|g__Bacteroides.s__Bacteroides_vulgatus	2.7027027027
UniRef90_B6VVJ2	2.6809651475
UniRef90_B6VVJ2|g__Bacteroides.s__Bacteroides_dorei	2.6809651475
UniRef90_D4K8B0	2.6809651475
UniRef90_D4K8B0|g__Faecalibacterium.s__Faecalibacterium_prausnitzii	2.6809651475
UniRef90_I3YQL2	2.6772339164
UniRef90_I3YQL2|g__Alistipes.s__Alistipes_shahii	2.1424745581
UniRef90_I3YQL2|g__Alistipes.s__Alistipes_finegoldii	0.5347593583
UniRef90_Q64SE8	2.6595744681
UniRef90_Q64SE8|g__Bacteroides.s__Bacteroides_ovatus	2.6595744681
UniRef90_R5CBU0	2.6007802341
UniRef90_R5CBU0|g__Bacteroides.s__Bacteroides_uniformis	2.6007802341
UniRef90_I3YM13	2.5974025974
UniRef90_I3YM13|g__Alistipes.s__Alistipes_shahii	2.5974025974
UniRef90_R6A7I1	2.5806451613
UniRef90_R6A7I1|g__Collinsella.s__Collinsella_aerofaciens	2.5806451613
UniRef90_R7ECQ3	2.5773195876
UniRef90_R7ECQ3|g__Bacteroides.s__Bacteroides_uniformis	2.5773195876
UniRef90_R6ACJ9	2.5575447570
UniRef90_R6ACJ9|g__Bacteroides.s__Bacteroides_stercoris	2.5575447570
UniRef90_R5WXZ8	2.5477707006
UniRef90_R5WXZ8|g__Alistipes.s__Alistipes_shahii	2.5477707006
UniRef90_C7H3G6	2.5188916877
UniRef90_C7H3G6|g__Faecalibacterium.s__Faecalibacterium_prausnitzii	2.5188916877
UniRef90_B2UPH1	2.5000000000
UniRef90_B2UPH1|g__Akkermansia.s__Akkermansia_muciniphila	2.5000000000
UniRef90_C0BF69	2.4937655860
UniRef90_C0BF69|g__Coprococcus.s__Coprococcus_comes	2.4937655860
UniRef90_C7HA44	2.4864905795
UniRef90_C7HA44|g__Faecalibacterium.s__Faecalibacterium_prausnitzii	2.4864905795
UniRef90_D4IJT7	2.4570024570
UniRef90_D4IJT7|g__Alistipes.s__Alistipes_shahii	2.4570024570
UniRef90_R7JKN7	2.4449877751
UniRef90_R7JKN7|g__Alistipes.s__Alistipes_putredinis	2.4449877751
UniRef90_R7JPY3	2.4425989253
UniRef90_R7JPY3|g__Alistipes.s__Alistipes_putredinis	2.4425989253
UniRef90_R7JR55	2.4383635871
UniRef90_R7JR55|g__Alistipes.s__Alistipes_putredinis	2.4383635871
UniRef90_R7JJU2	2.4271844660
UniRef90_R7JJU2|g__Alistipes.s__Alistipes_putredinis	2.4271844660
UniRef90_R6AK32	2.4271844660
UniRef90_R6AK32|g__Bacteroides.s__Bacteroides_stercoris	2.4271844660
UniRef90_R7EHM0	2.4271844660
UniRef90_R7EHM0|g__Bacteroides.s__Bacteroides_stercoris	2.4271844660
UniRef90_R6J9G7	2.4096385542
UniRef90_R6J9G7|g__Bacteroides.s__Bacteroides_ovatus	2.4096385542
UniRef90_A4E810	2.4009603842
UniRef90_A4E810|g__Collinsella.s__Collinsella_aerofaciens	2.4009603842
UniRef90_D4K954	2.3904382470
UniRef90_D4K954|g__Faecalibacterium.s__Faecalibacterium_prausnitzii	2.3904382470
UniRef90_R5U8H2	2.3850421683
UniRef90_R5U8H2|g__Bacteroides.s__Bacteroides_caccae	2.3850421683
UniRef90_R6A5X5	2.3752969121
UniRef90_R6A5X5|g__Bacteroides.s__Bacteroides_stercoris	2.3752969121
UniRef90_E6SQJ2	2.3400936037
UniRef90_E6SQJ2|g__Bacteroides.s__Bacteroides_uniformis	2.3400936037
UniRef90_R7JJ80	2.3201856148
UniRef90_R7JJ80|g__Alistipes.s__Alistipes_putredinis	2.3201856148
UniRef90_R7EFV9	2.3094688222
UniRef90_R7EFV9|g__Bacteroides.s__Bacteroides_uniformis	2.3094688222
UniRef90_A4ECV4	2.3054755043
UniRef90_A4ECV4|g__Collinsella.s__Collinsella_aerofaciens	2.3054755043
UniRef90_D4K9X2	2.3023791251
UniRef90_D4K9X2|g__Faecalibacterium.s__Faecalibacterium_prausnitzii	2.3023791251
UniRef90_C0FNI6	2.2935779817
UniRef90_C0FNI6|g__Eubacterium.s__Eubacterium_rectale	2.2935779817
UniRef90_R7EJ91	2.2624434389
UniRef90_R7EJ91|g__Bacteroides.s__Bacteroides_uniformis	2.2624434389
UniRef90_A4E8J8	2.2354694486
UniRef90_A4E8J8|g__Collinsella.s__Collinsella_aerofaciens	2.2354694486
UniRef90_D4K0S0	2.2321428571
UniRef90_D4K0S0|g__Faecalibacterium.s__Faecalibacterium_prausnitzii	2.2321428571
UniRef90_U6R9S0	2.2321428571
UniRef90_U6R9S0|g__Bacteroides.s__Bacteroides_massiliensis	2.2321428571
UniRef90_J9H9I5	2.2172949002
UniRef90_J9H9I5|g__Bacteroides.s__Bacteroides_massiliensis	2.2172949002
UniRef90_R7NX82	2.2050716648
UniRef90_R7NX82|g__Bacteroides.s__Bacteroides_vulgatus	2.2050716648
UniRef90_D4K880	2.1905805038
UniRef90_D4K880|g__Faecalibacterium.s__Faecalibacterium_prausnitzii	2.1905805038
UniRef90_D6D3F2	2.1881838074
UniRef90_D6D3F2|g__Bacteroides.s__Bacteroides_ovatus	2.1881838074
UniRef90_R7ECK1	2.1762785637
UniRef90_R7ECK1|g__Bacteroides.s__Bacteroides_intestinalis	2.1762785637
UniRef90_D4INX9	2.1621621622
UniRef90_D4INX9|g__Alistipes.s__Alistipes_shahii	2.1621621622
UniRef90_R7EL10	2.1598272138
UniRef90_R7EL10|g__Bacteroides.s__Bacteroides_uniformis	2.1598272138
UniRef90_Q5L8C0	2.1595444642
UniRef90_Q5L8C0|g__Bacteroides.s__Bacteroides_stercoris	2.1595444642
UniRef90_R6AL37	2.1551724138
UniRef90_R6AL37|g__Bacteroides.s__Bacteroides_stercoris	1.0775862069
UniRef90_R6AL37|g__Bacteroides.s__Bacteroides_uniformis	1.0775862069
UniRef90_Q8A3Z2	2.1052631579
UniRef90_Q8A3Z2|g__Bacteroides.s__Bacteroides_ovatus	2.1052631579
UniRef90_UPI0002E6D536	2.0604395604
UniRef90_UPI0002E6D536|g__Alistipes.s__Alistipes_putredinis	2.0604395604
UniRef90_F8LM08	2.0592472212
UniRef90_F8LM08|g__Streptococcus.s__Streptococcus_salivarius	2.0592472212
UniRef90_R5W9C4	2.0505809979
UniRef90_R5W9C4|g__Alistipes.s__Alistipes_shahii	2.0505809979
UniRef90_R5V7E1	2.0283975659
UniRef90_R5V7E1|g__Alistipes.s__Alistipes_finegoldii	2.0283975659
UniRef90_Q8A0U0	2.0040080160
UniRef90_Q8A0U0|g__Bacteroides.s__Bacteroides_ovatus	2.0040080160
UniRef90_R7JL43	1.9976028765
UniRef90_R7JL43|g__Alistipes.s__Alistipes_putredinis	1.9976028765
UniRef90_S6CEH7	1.9907100199
UniRef90_S6CEH7|g__Adlercreutzia.s__Adlercreutzia_equolifaciens	1.9907100199
UniRef90_I3YIR2	1.9867549669
UniRef90_I3YIR2|g__Alistipes.s__Alistipes_finegoldii	1.9867549669
UniRef90_Q5L8D5	1.9455252918
UniRef90_Q5L8D5|g__Bacteroides.s__Bacteroides_uniformis	1.9455252918
UniRef90_I3YL58	1.9355060270
UniRef90_I3YL58|g__Alistipes.s__Alistipes_finegoldii	1.9355060270
UniRef90_R7EM94	1.9249278152
UniRef90_R7EM94|g__Bacteroides.s__Bacteroides_dorei	1.9249278152
UniRef90_R7NSZ9	1.9230769231
UniRef90_R7NSZ9|g__Bacteroides.s__Bacteroides_massiliensis	1.9230769231
UniRef90_R6HIV7	1.9011406844
UniRef90_R6HIV7|g__Bacteroides.s__Bacteroides_dorei	1.9011406844
UniRef90_E2ZJQ3	1.8970517544
UniRef90_E2ZJQ3|g__Faecalibacterium.s__Faecalibacterium_prausnitzii	1.8970517544
UniRef90_R7EPU6	1.8903591682
UniRef90_R7EPU6|g__Bacteroides.s__Bacteroides_uniformis	1.8903591682
UniRef90_I3YR11	1.8691588785
UniRef90_I3YR11|g__Alistipes.s__Alistipes_shahii	1.8691588785
UniRef90_R6A6K1	1.8535681186
UniRef90_R6A6K1|g__Bacteroides.s__Bacteroides_stercoris	1.8535681186
UniRef90_D4K4U8	1.8501387604
UniRef90_D4K4U8|g__Faecalibacterium.s__Faecalibacterium_prausnitzii	1.8501387604
UniRef90_R5WU41	1.8484288355
UniRef90_R5WU41|g__Alistipes.s__Alistipes_shahii	1.8484288355
UniRef90_Q5L8B9	1.8447602836
UniRef90_Q5L8B9|g__Bacteroides.s__Bacteroides_stercoris	1.8447602836
UniRef90_R5M875	1.8337408313
UniRef90_R5M875|g__Bacteroides.s__Bacteroides_intestinalis	1.8337408313
UniRef90_P64588	1.8083182640
UniRef90_P64588|g__Escherichia.s__Escherichia_coli	1.8083182640
UniRef90_R7ENI4	1.8083182640
UniRef90_R7ENI4|g__Bacteroides.s__Bacteroides_uniformis	1.8083182640
UniRef90_R6J430	1.7985611511
UniRef90_R6J430|g__Bacteroides.s__Bacteroides_ovatus	1.7985611511
UniRef90_R6KGM2	1.7858842667
UniRef90_R6KGM2|g__Bacteroides.s__Bacteroides_intestinalis	1.7858842667
UniRef90_R7JPU2	1.7809439003
UniRef90_R7JPU2|g__Alistipes.s__Alistipes_putredinis	1.7809439003
UniRef90_C7HAB5	1.7605633803
UniRef90_C7HAB5|g__Faecalibacterium.s__Faecalibacterium_prausnitzii	1.7605633803
UniRef90_R6JH75	1.7605633803
UniRef90_R6JH75|g__Bacteroides.s__Bacteroides_ovatus	1.7605633803
UniRef90_G2T0X7	1.7513134851
UniRef90_G2T0X7|g__Roseburia.s__Roseburia_hominis	1.7513134851
UniRef90_D4IKB3	1.7482517483
UniRef90_D4IKB3|g__Alistipes.s__Alistipes_shahii	1.7482517483
UniRef90_R7NT59	1.7256255393
UniRef90_R7NT59|g__Bacteroides.s__Bacteroides_vulgatus	1.7256255393
UniRef90_R6A9I3	1.7241379310
UniRef90_R6A9I3|g__Bacteroides.s__Bacteroides_uniformis	1.7241379310
UniRef90_D4INB6	1.7167381974
UniRef90_D4INB6|g__Alistipes.s__Alistipes_shahii	1.7167381974
UniRef90_J9CIK2	1.7152658662
UniRef90_J9CIK2|g__Bacteroides.s__Bacteroides_ovatus	1.7152658662
UniRef90_A6L2J9	1.7064846416
UniRef90_A6L2J9|g__Bacteroides.s__Bacteroides_vulgatus	1.7064846416
UniRef90_C4Z236	1.6977928693
UniRef90_C4Z236|g__Roseburia.s__Roseburia_intestinalis	1.6977928693
UniRef90_Q64SD9	1.6732376273
UniRef90_Q64SD9|g__Bacteroides.s__Bacteroides_dorei	0.5818761794
UniRef90_Q64SD9|g__Bacteroides.s__Bacteroides_stercoris	0.5490631325
UniRef90_Q64SD9|g__Bacteroides.s__Bacteroides_ovatus	0.5422983154
UniRef90_A6L3M9	1.6611295681
UniRef90_A6L3M9|g__Bacteroides.s__Bacteroides_massiliensis	0.8305647841
UniRef90_A6L3M9|g__Bacteroides.s__Bacteroides_vulgatus	0.8305647841
UniRef90_R7NUC3	1.6556291391
UniRef90_R7NUC3|g__Bacteroides.s__Bacteroides_massiliensis	1.6556291391
UniRef90_Q9AE24	1.6393442623
UniRef90_Q9AE24|g__Bacteroides.s__Bacteroides_uniformis	1.6393442623
UniRef90_A8SX44	1.6313213703
UniRef90_A8SX44|g__Ruminococcus.s__Ruminococcus_lactaris	1.6313213703
UniRef90_E6SNI8	1.6286644951
UniRef90_E6SNI8|g__Bacteroides.s__Bacteroides_dorei	0.8143322476
UniRef90_E6SNI8|g__Bacteroides.s__Bacteroides_ovatus	0.8143322476
UniRef90_Q5M206	1.6233766234
UniRef90_Q5M206|g__Streptococcus.s__Streptococcus_australis	1.6233766234
UniRef90_G2SZE7	1.6155088853
UniRef90_G2SZE7|g__Roseburia.s__Roseburia_hominis	1.6155088853
UniRef90_I3YMR8	1.6129032258
UniRef90_I3YMR8|g__Alistipes.s__Alistipes_finegoldii	1.6129032258
UniRef90_E2ZHU1	1.5993661271
UniRef90_E2ZHU1|g__Faecalibacterium.s__Faecalibacterium_prausnitzii	1.5993661271
UniRef90_A6KYA8	1.5847860539
UniRef90_A6KYA8|g__Bacteroides.s__Bacteroides_uniformis	1.5847860539
UniRef90_B7AMT3	1.5785319653
UniRef90_B7AMT3|g__Bacteroides.s__Bacteroides_vulgatus	1.1924769386
UniRef90_B7AMT3|g__Bacteroides.s__Bacteroides_massiliensis	0.3860550267
UniRef90_D4K0L4	1.5772870662
UniRef90_D4K0L4|g__Faecalibacterium.s__Faecalibacterium_prausnitzii	1.5772870662
UniRef90_B0NM42	1.5772870662
UniRef90_B0NM42|g__Bacteroides.s__Bacteroides_stercoris	1.5772870662
UniRef90_D4IKY9	1.5625000000
UniRef90_D4IKY9|g__Alistipes.s__Alistipes_shahii	1.5625000000
UniRef90_Q8A611	1.5337423313
UniRef90_Q8A611|g__Bacteroides.s__Bacteroides_ovatus	1.5337423313
UniRef90_I3YNQ9	1.5306122449
UniRef90_I3YNQ9|g__Alistipes.s__Alistipes_finegoldii	1.5306122449
UniRef90_B2UNT6	1.5197568389
UniRef90_B2UNT6|g__Akkermansia.s__Akkermansia_muciniphila	1.5197568389
UniRef90_R7EJU1	1.5197568389
UniRef90_R7EJU1|g__Bacteroides.s__Bacteroides_uniformis	1.5197568389
UniRef90_R5ZPK2	1.5174506829
UniRef90_R5ZPK2|g__Collinsella.s__Collinsella_aerofaciens	1.5174506829
UniRef90_D4IL63	1.5128593041
UniRef90_D4IL63|g__Alistipes.s__Alistipes_finegoldii	1.5128593041
UniRef90_Q64ZR0	1.5128593041
UniRef90_Q64ZR0|g__Bacteroides.s__Bacteroides_vulgatus	1.5128593041
UniRef90_D4KAB2	1.5095885257
UniRef90_D4KAB2|g__Faecalibacterium.s__Faecalibacterium_prausnitzii	1.5095885257
UniRef90_P24255	1.4903129657
UniRef90_P24255|g__Escherichia.s__Escherichia_coli	1.4903129657
UniRef90_D6CWW1	1.4858841010
UniRef90_D6CWW1|g__Bacteroides.s__Bacteroides_ovatus	1.4858841010
UniRef90_R7JJT2	1.4792899408
UniRef90_R7JJT2|g__Alistipes.s__Alistipes_putredinis	1.4792899408
UniRef90_I9UL72	1.4727540501
UniRef90_I9UL72|g__Bacteroides.s__Bacteroides_uniformis	1.4727540501
UniRef90_R6KBA6	1.4598540146
UniRef90_R6KBA6|g__Bacteroides.s__Bacteroides_intestinalis	1.4598540146
UniRef90_R7EMB9	1.4285714286
UniRef90_R7EMB9|g__Bacteroides.s__Bacteroides_uniformis	1.4285714286
UniRef90_Q8FCY5	1.4260399966
UniRef90_Q8FCY5|g__Escherichia.s__Escherichia_coli	1.4260399966
UniRef90_R7EKM2	1.3986013986
UniRef90_R7EKM2|g__Bacteroides.s__Bacteroides_uniformis	1.3986013986
UniRef90_R6AD13	1.3869625520
UniRef90_R6AD13|g__Bacteroides.s__Bacteroides_stercoris	1.3869625520
UniRef90_R7KPL7	1.3755158184
UniRef90_R7KPL7|g__Bacteroides.s__Bacteroides_ovatus	1.3755158184
UniRef90_A6L3Y2	1.3698630137
UniRef90_A6L3Y2|g__Bacteroides.s__Bacteroides_vulgatus	1.3698630137
UniRef90_B2UR70	1.3698630137
UniRef90_B2UR70|g__Akkermansia.s__Akkermansia_muciniphila	1.3698630137
UniRef90_R7EQE4	1.3679890561
UniRef90_R7EQE4|g__Bacteroides.s__Bacteroides_uniformis	1.3679890561
UniRef90_R5U4Q0	1.3623978202
UniRef90_R5U4Q0|g__Bacteroides.s__Bacteroides_ovatus	1.3623978202
UniRef90_D4IJD3	1.3568521031
UniRef90_D4IJD3|g__Alistipes.s__Alistipes_shahii	1.3568521031
UniRef90_I3YQC1	1.3531799729
UniRef90_I3YQC1|g__Alistipes.s__Alistipes_finegoldii	1.3531799729
UniRef90_R7EC79	1.3522775748
UniRef90_R7EC79|g__Bacteroides.s__Bacteroides_uniformis	1.3522775748
UniRef90_R5QDL5	1.3477088949
UniRef90_R5QDL5|g__Lachnospiraceae_noname.s__Lachnospiraceae_bacterium_8_1_57FAA	1.3477088949
UniRef90_A6L0V1	1.3368983957
UniRef90_A6L0V1|g__Bacteroides.s__Bacteroides_vulgatus	1.3368983957
UniRef90_G9S3B8	1.3276522682
UniRef90_G9S3B8|g__Bacteroides.s__Bacteroides_dorei	1.3276522682
UniRef90_UPI0004695389	1.3219048967
UniRef90_UPI0004695389|g__Bacteroides.s__Bacteroides_massiliensis	1.3219048967
UniRef90_D4IJJ6	1.3210039630
UniRef90_D4IJJ6|g__Alistipes.s__Alistipes_shahii	1.3210039630
UniRef90_R6JNB3	1.3210039630
UniRef90_R6JNB3|g__Bacteroides.s__Bacteroides_ovatus	1.3210039630
UniRef90_R7ENU4	1.3173208146
UniRef90_R7ENU4|g__Bacteroides.s__Bacteroides_uniformis	1.3173208146
UniRef90_A6L4I9	1.3089005236
UniRef90_A6L4I9|g__Bacteroides.s__Bacteroides_vulgatus	1.3089005236
UniRef90_R7ELC6	1.3054830287
UniRef90_R7ELC6|g__Bacteroides.s__Bacteroides_uniformis	1.3054830287
UniRef90_I9E8K3	1.3003901170
UniRef90_I9E8K3|g__Bacteroides.s__Bacteroides_caccae	1.3003901170
UniRef90_R7EES6	1.3003901170
UniRef90_R7EES6|g__Bacteroides.s__Bacteroides_uniformis	1.3003901170
UniRef90_D4K3P3	1.2961762800
UniRef90_D4K3P3|g__Faecalibacterium.s__Faecalibacterium_prausnitzii	1.2961762800
UniRef90_R5MA37	1.2947506611
UniRef90_R5MA37|g__Bacteroides.s__Bacteroides_intestinalis	1.2947506611
UniRef90_D6DZP0	1.2903225806
UniRef90_D6DZP0|g__Eubacterium.s__Eubacterium_rectale	1.2903225806
UniRef90_E1WUX0	1.2763241863
UniRef90_E1WUX0|g__Bacteroides.s__Bacteroides_caccae	1.2763241863
UniRef90_A6KYL1	1.2658227848
UniRef90_A6KYL1|g__Bacteroides.s__Bacteroides_vulgatus	1.2658227848
UniRef90_Q8A461	1.2658227848
UniRef90_Q8A461|g__Bacteroides.s__Bacteroides_ovatus	1.2658227848
UniRef90_I1ZKB8	1.2658227848
UniRef90_I1ZKB8|g__Streptococcus.s__Streptococcus_salivarius	1.2658227848
UniRef90_G2SZ67	1.2610340479
UniRef90_G2SZ67|g__Roseburia.s__Roseburia_hominis	1.2610340479
UniRef90_R7NQB2	1.2562814070
UniRef90_R7NQB2|g__Bacteroides.s__Bacteroides_vulgatus	0.6349312154
UniRef90_R7NQB2|g__Bacteroides.s__Bacteroides_dorei	0.6213501916
UniRef90_R7P2Z3	1.2562814070
UniRef90_R7P2Z3|g__Bacteroides.s__Bacteroides_dorei	1.2562814070
UniRef90_E5X0C0	1.2422360248
UniRef90_E5X0C0|g__Bacteroides.s__Bacteroides_dorei	1.2422360248
UniRef90_R6FQM5	1.2390224327
UniRef90_R6FQM5|g__Bacteroides.s__Bacteroides_uniformis	1.2390224327
UniRef90_R5MIY1	1.2239902081
UniRef90_R5MIY1|g__Bacteroides.s__Bacteroides_intestinalis	1.2239902081
UniRef90_R6PSE6	1.2012548478
UniRef90_R6PSE6|g__Faecalibacterium.s__Faecalibacterium_prausnitzii	1.2012548478
UniRef90_G2T5T9	1.1890606421
UniRef90_G2T5T9|g__Roseburia.s__Roseburia_hominis	1.1890606421
UniRef90_R5JQV1	1.1890606421
UniRef90_R5JQV1|g__Bacteroides.s__Bacteroides_stercoris	1.1890606421
UniRef90_E6SWC2	1.1834356818
UniRef90_E6SWC2|g__Bacteroides.s__Bacteroides_uniformis	0.5927682276
UniRef90_E6SWC2|g__Bacteroides.s__Bacteroides_ovatus	0.5906674542
UniRef90_I3YJY1	1.1764705882
UniRef90_I3YJY1|g__Alistipes.s__Alistipes_putredinis	1.1764705882
UniRef90_A6L4M5	1.1700431386
UniRef90_A6L4M5|g__Bacteroides.s__Bacteroides_dorei	0.5850215693
UniRef90_A6L4M5|g__Bacteroides.s__Bacteroides_vulgatus	0.5850215693
UniRef90_R5WA80	1.1692091561
UniRef90_R5WA80|g__Alistipes.s__Alistipes_shahii	1.1692091561
UniRef90_D6E8F9	1.1560693642
UniRef90_D6E8F9|g__Gordonibacter.s__Gordonibacter_pamelaeae	1.1560693642
UniRef90_C4ZBU6	1.1520737327
UniRef90_C4ZBU6|g__Roseburia.s__Roseburia_hominis	1.1520737327
UniRef90_R5EYN2	1.1520737327
UniRef90_R5EYN2|g__Bacteroides.s__Bacteroides_ovatus	1.1520737327
UniRef90_C5ERC2	1.1481056257
UniRef90_C5ERC2|g__Faecalibacterium.s__Faecalibacterium_prausnitzii	1.1481056257
UniRef90_C8WGX3	1.1312217195
UniRef90_C8WGX3|g__Eggerthella.s__Eggerthella_lenta	1.1312217195
UniRef90_R6JIL8	1.1248593926
UniRef90_R6JIL8|g__Bacteroides.s__Bacteroides_ovatus	1.1248593926
UniRef90_R7EQJ4	1.1240789830
UniRef90_R7EQJ4|g__Bacteroides.s__Bacteroides_uniformis	1.1240789830
UniRef90_A6L0V2	1.1135857461
UniRef90_A6L0V2|g__Bacteroides.s__Bacteroides_dorei	1.1135857461
UniRef90_Q5L8D6	1.1098779134
UniRef90_Q5L8D6|g__Bacteroides.s__Bacteroides_uniformis	1.1098779134
UniRef90_Q8A0Z3	1.1098779134
UniRef90_Q8A0Z3|g__Bacteroides.s__Bacteroides_ovatus	1.1098779134
UniRef90_R7JJD7	1.1061946903
UniRef90_R7JJD7|g__Alistipes.s__Alistipes_putredinis	1.1061946903
UniRef90_Q5LG75	1.0989010989
UniRef90_Q5LG75|g__Bacteroides.s__Bacteroides_uniformis	1.0989010989
UniRef90_R7EGX5	1.0940919037
UniRef90_R7EGX5|g__Bacteroides.s__Bacteroides_uniformis	1.0940919037
UniRef90_A6KXK3	1.0917030568
UniRef90_A6KXK3|g__Bacteroides.s__Bacteroides_massiliensis	1.0917030568
UniRef90_Q5CZG6	1.0881392818
UniRef90_Q5CZG6|g__Bacteroides.s__Bacteroides_uniformis	1.0881392818
UniRef90_R5F0W3	1.0881392818
UniRef90_R5F0W3|g__Bacteroides.s__Bacteroides_uniformis	1.0881392818
UniRef90_R5UUY1	1.0881392818
UniRef90_R5UUY1|g__Roseburia.s__Roseburia_intestinalis	1.0881392818
UniRef90_R7ENX7	1.0810810811
UniRef90_R7ENX7|g__Bacteroides.s__Bacteroides_uniformis	1.0810810811
UniRef90_R7EC20	1.0764262648
UniRef90_R7EC20|g__Bacteroides.s__Bacteroides_uniformis	1.0764262648
UniRef90_R9HZK0	1.0668563300
UniRef90_R9HZK0|g__Bacteroides.s__Bacteroides_uniformis	1.0668563300
UniRef90_A7UYI0	1.0665529010
UniRef90_A7UYI0|g__Bacteroides.s__Bacteroides_uniformis	1.0665529010
UniRef90_R5V8H7	1.0638297872
UniRef90_R5V8H7|g__Alistipes.s__Alistipes_finegoldii	1.0638297872
UniRef90_R7NW05	1.0471204188
UniRef90_R7NW05|g__Bacteroides.s__Bacteroides_massiliensis	1.0471204188
UniRef90_R5V0F1	1.0459471368
UniRef90_R5V0F1|g__Bacteroides.s__Bacteroides_caccae	1.0459471368
UniRef90_D6D5B6	1.0405827263
UniRef90_D6D5B6|g__Bacteroides.s__Bacteroides_ovatus	1.0405827263
UniRef90_R7ED71	1.0341261634
UniRef90_R7ED71|g__Bacteroides.s__Bacteroides_uniformis	1.0341261634
UniRef90_A6L1L0	1.0309278351
UniRef90_A6L1L0|g__Bacteroides.s__Bacteroides_vulgatus	1.0309278351
UniRef90_R6JGI7	1.0183299389
UniRef90_R6JGI7|g__Bacteroides.s__Bacteroides_ovatus	1.0183299389
UniRef90_R7ERJ6	1.0121457490
UniRef90_R7ERJ6|g__Bacteroides.s__Bacteroides_uniformis	1.0121457490
UniRef90_R5VSL4	1.0090817356
UniRef90_R5VSL4|g__Ruminococcus.s__Ruminococcus_callidus	1.0090817356
UniRef90_R5CBB2	1.0090817356
UniRef90_R5CBB2|g__Bacteroides.s__Bacteroides_ovatus	1.0090817356
UniRef90_S3ZEK2	0.9970089731
UniRef90_S3ZEK2|g__Bacteroides.s__Bacteroides_stercoris	0.9970089731
UniRef90_I3YL56	0.9911782885
UniRef90_I3YL56|g__Alistipes.s__Alistipes_finegoldii	0.9911782885
UniRef90_R9HJV7	0.9823182711
UniRef90_R9HJV7|g__Bacteroides.s__Bacteroides_vulgatus	0.9823182711
UniRef90_R7JJV8	0.9794319295
UniRef90_R7JJV8|g__Alistipes.s__Alistipes_putredinis	0.9794319295
UniRef90_D4MX25	0.9784735812
UniRef90_D4MX25|g__Anaerostipes.s__Anaerostipes_hadrus	0.9784735812
UniRef90_D6D8M6	0.9737098345
UniRef90_D6D8M6|g__Bacteroides.s__Bacteroides_ovatus	0.9737098345
UniRef90_UPI000367B270	0.9737098345
UniRef90_UPI000367B270|g__Bacteroides.s__Bacteroides_stercoris	0.9737098345
UniRef90_R7EHD9	0.9689922481
UniRef90_R7EHD9|g__Bacteroides.s__Bacteroides_uniformis	0.9689922481
UniRef90_R6LHH6	0.9652509653
UniRef90_R6LHH6|g__Bacteroides.s__Bacteroides_stercoris	0.9652509653
UniRef90_R7ELE9	0.9569377990
UniRef90_R7ELE9|g__Bacteroides.s__Bacteroides_uniformis	0.9569377990
UniRef90_D4IPI7	0.9541984733
UniRef90_D4IPI7|g__Alistipes.s__Alistipes_shahii	0.9541984733
UniRef90_R6KP21	0.9541984733
UniRef90_R6KP21|g__Bacteroides.s__Bacteroides_intestinalis	0.9541984733
UniRef90_R7EP13	0.9514747859
UniRef90_R7EP13|g__Bacteroides.s__Bacteroides_uniformis	0.9514747859
UniRef90_I3YNN0	0.9505703422
UniRef90_I3YNN0|g__Alistipes.s__Alistipes_finegoldii	0.9505703422
UniRef90_D4WGH1	0.9487666034
UniRef90_D4WGH1|g__Bacteroides.s__Bacteroides_ovatus	0.9487666034
UniRef90_D6CX86	0.9433962264
UniRef90_D6CX86|g__Bacteroides.s__Bacteroides_ovatus	0.9433962264
UniRef90_R7EBW6	0.9407337723
UniRef90_R7EBW6|g__Bacteroides.s__Bacteroides_uniformis	0.9407337723
UniRef90_C3RCI6	0.9380863039
UniRef90_C3RCI6|g__Bacteroides.s__Bacteroides_vulgatus	0.4793505480
UniRef90_C3RCI6|g__Bacteroides.s__Bacteroides_dorei	0.4587357560
UniRef90_R7EK09	0.9354536950
UniRef90_R7EK09|g__Bacteroides.s__Bacteroides_uniformis	0.9354536950
UniRef90_D6CWJ1	0.9302325581
UniRef90_D6CWJ1|g__Bacteroides.s__Bacteroides_ovatus	0.9302325581
UniRef90_R7EBX3	0.9276437848
UniRef90_R7EBX3|g__Bacteroides.s__Bacteroides_uniformis	0.9276437848
UniRef90_A6L2S4	0.9225092251
UniRef90_A6L2S4|g__Bacteroides.s__Bacteroides_massiliensis	0.9225092251
UniRef90_R7EEF8	0.9199632015
UniRef90_R7EEF8|g__Bacteroides.s__Bacteroides_uniformis	0.9199632015
UniRef90_R7EJX3	0.9174311927
UniRef90_R7EJX3|g__Bacteroides.s__Bacteroides_uniformis	0.9174311927
UniRef90_R7ES84	0.9174311927
UniRef90_R7ES84|g__Bacteroides.s__Bacteroides_uniformis	0.9174311927
UniRef90_R6JE95	0.9124087591
UniRef90_R6JE95|g__Bacteroides.s__Bacteroides_ovatus	0.9124087591
UniRef90_R6JK75	0.9124087591
UniRef90_R6JK75|g__Bacteroides.s__Bacteroides_ovatus	0.9124087591
UniRef90_R6GB00	0.9074410163
UniRef90_R6GB00|g__Eubacterium.s__Eubacterium_hallii	0.9074410163
UniRef90_I3YKJ7	0.9025270758
UniRef90_I3YKJ7|g__Alistipes.s__Alistipes_finegoldii	0.9025270758
UniRef90_K0XDP4	0.8976660682
UniRef90_K0XDP4|g__Bacteroides.s__Bacteroides_ovatus	0.8976660682
UniRef90_G2SXA1	0.8904719501
UniRef90_G2SXA1|g__Roseburia.s__Roseburia_hominis	0.8904719501
UniRef90_D4IKX4	0.8880994671
UniRef90_D4IKX4|g__Alistipes.s__Alistipes_shahii	0.8880994671
UniRef90_E2ZKX4	0.8857395926
UniRef90_E2ZKX4|g__Faecalibacterium.s__Faecalibacterium_prausnitzii	0.8857395926
UniRef90_R7EN68	0.8787346221
UniRef90_R7EN68|g__Bacteroides.s__Bacteroides_uniformis	0.8787346221
UniRef90_R7E9B3	0.8764241893
UniRef90_R7E9B3|g__Bacteroides.s__Bacteroides_uniformis	0.8764241893
UniRef90_I3YQ92	0.8741258741
UniRef90_I3YQ92|g__Alistipes.s__Alistipes_finegoldii	0.8741258741
UniRef90_R5TNA7	0.8718395815
UniRef90_R5TNA7|g__Eubacterium.s__Eubacterium_ramulus	0.8718395815
UniRef90_I3YQJ8	0.8695652174
UniRef90_I3YQJ8|g__Alistipes.s__Alistipes_finegoldii	0.8695652174
UniRef90_I3YHW3	0.8673026886
UniRef90_I3YHW3|g__Alistipes.s__Alistipes_finegoldii	0.8673026886
UniRef90_R7JM20	0.8650519031
UniRef90_R7JM20|g__Alistipes.s__Alistipes_putredinis	0.8650519031
UniRef90_A4E9E3	0.8561643836
UniRef90_A4E9E3|g__Collinsella.s__Collinsella_aerofaciens	0.8561643836
UniRef90_R6ACE9	0.8561643836
UniRef90_R6ACE9|g__Bacteroides.s__Bacteroides_stercoris	0.8561643836
UniRef90_R7ELR9	0.8561643836
UniRef90_R7ELR9|g__Bacteroides.s__Bacteroides_uniformis	0.8561643836
UniRef90_R7EJ49	0.8538183551
UniRef90_R7EJ49|g__Bacteroides.s__Bacteroides_uniformis	0.8538183551
UniRef90_R6B0Z5	0.8532423208
UniRef90_R6B0Z5|g__Bacteroides.s__Bacteroides_uniformis	0.8532423208
UniRef90_Q5LG64	0.8410428932
UniRef90_Q5LG64|g__Bacteroides.s__Bacteroides_ovatus	0.8410428932
UniRef90_R6LMF8	0.8347245409
UniRef90_R6LMF8|g__Bacteroides.s__Bacteroides_stercoris	0.8347245409
UniRef90_R6HVP4	0.8326394671
UniRef90_R6HVP4|g__Bacteroides.s__Bacteroides_dorei	0.8326394671
UniRef90_R7EEZ4	0.8326394671
UniRef90_R7EEZ4|g__Bacteroides.s__Bacteroides_uniformis	0.8326394671
UniRef90_D4IND8	0.8285004143
UniRef90_D4IND8|g__Alistipes.s__Alistipes_shahii	0.8285004143
UniRef90_R6JEF1	0.8244023083
UniRef90_R6JEF1|g__Bacteroides.s__Bacteroides_ovatus	0.8244023083
UniRef90_R5WMV4	0.8223684211
UniRef90_R5WMV4|g__Alistipes.s__Alistipes_shahii	0.8223684211
UniRef90_R6KIN2	0.8163265306
UniRef90_R6KIN2|g__Bacteroides.s__Bacteroides_intestinalis	0.8163265306
UniRef90_R7EFF9	0.8103727715
UniRef90_R7EFF9|g__Bacteroides.s__Bacteroides_uniformis	0.8103727715
UniRef90_R7JIW3	0.8008542445
UniRef90_R7JIW3|g__Alistipes.s__Alistipes_putredinis	0.8008542445
UniRef90_D6D8N1	0.7987220447
UniRef90_D6D8N1|g__Bacteroides.s__Bacteroides_ovatus	0.7987220447
UniRef90_R5ZDY6	0.7987220447
UniRef90_R5ZDY6|g__Collinsella.s__Collinsella_aerofaciens	0.7987220447
UniRef90_D4IPQ4	0.7930214116
UniRef90_D4IPQ4|g__Alistipes.s__Alistipes_shahii	0.7930214116
UniRef90_Q8A685	0.7911392405
UniRef90_Q8A685|g__Bacteroides.s__Bacteroides_ovatus	0.7911392405
UniRef90_I3YR99	0.7892659826
UniRef90_I3YR99|g__Alistipes.s__Alistipes_finegoldii	0.7892659826
UniRef90_R6AMA3	0.7892659826
UniRef90_R6AMA3|g__Bacteroides.s__Bacteroides_stercoris	0.7892659826
UniRef90_R7EJB9	0.7809854062
UniRef90_R7EJB9|g__Bacteroides.s__Bacteroides_uniformis	0.7809854062
UniRef90_R7NMP7	0.7800312012
UniRef90_R7NMP7|g__Bacteroides.s__Bacteroides_massiliensis	0.7800312012
UniRef90_Q64SE9	0.7763975155
UniRef90_Q64SE9|g__Bacteroides.s__Bacteroides_uniformis	0.7763975155
UniRef90_D4IL36	0.7727975270
UniRef90_D4IL36|g__Alistipes.s__Alistipes_shahii	0.7727975270
UniRef90_I9I5A3	0.7710100231
UniRef90_I9I5A3|g__Bacteroides.s__Bacteroides_dorei	0.7710100231
UniRef90_R7FF31	0.7710100231
UniRef90_R7FF31|g__Ruminococcus.s__Ruminococcus_callidus	0.7710100231
UniRef90_D4IP28	0.7692307692
UniRef90_D4IP28|g__Alistipes.s__Alistipes_shahii	0.7692307692
UniRef90_R7JLT1	0.7674597084
UniRef90_R7JLT1|g__Alistipes.s__Alistipes_putredinis	0.7674597084
UniRef90_Q89Z26	0.7656967841
UniRef90_Q89Z26|g__Bacteroides.s__Bacteroides_ovatus	0.7656967841
UniRef90_R6IWU5	0.7621951220
UniRef90_R6IWU5|g__Akkermansia.s__Akkermansia_muciniphila	0.7621951220
UniRef90_G2SXB6	0.7552870091
UniRef90_G2SXB6|g__Roseburia.s__Roseburia_hominis	0.7552870091
UniRef90_Q8A448	0.7451564829
UniRef90_Q8A448|g__Bacteroides.s__Bacteroides_ovatus	0.7451564829
UniRef90_R6JH74	0.7385524372
UniRef90_R6JH74|g__Bacteroides.s__Bacteroides_ovatus	0.7385524372
UniRef90_Q8A7B0	0.7304601899
UniRef90_Q8A7B0|g__Bacteroides.s__Bacteroides_ovatus	0.7304601899
UniRef90_R6JJQ9	0.7272727273
UniRef90_R6JJQ9|g__Bacteroides.s__Bacteroides_ovatus	0.7272727273
UniRef90_A6L4M4	0.7259869675
UniRef90_A6L4M4|g__Bacteroides.s__Bacteroides_vulgatus	0.7259869675
UniRef90_R5JKR5	0.7225433526
UniRef90_R5JKR5|g__Bacteroides.s__Bacteroides_stercoris	0.7225433526
UniRef90_Q64SD8	0.7222284332
UniRef90_Q64SD8|g__Bacteroides.s__Bacteroides_ovatus	0.4983005434
UniRef90_Q64SD8|g__Bacteroides.s__Bacteroides_dorei	0.2239278899
UniRef90_R6K3Z5	0.7209805335
UniRef90_R6K3Z5|g__Bacteroides.s__Bacteroides_ovatus	0.7209805335
UniRef90_E2N7I9	0.7209805335
UniRef90_E2N7I9|g__Bacteroides.s__Bacteroides_intestinalis	0.7209805335
UniRef90_R6AJ41	0.7209805335
UniRef90_R6AJ41|g__Bacteroides.s__Bacteroides_stercoris	0.7209805335
UniRef90_A4EAU0	0.7117437722
UniRef90_A4EAU0|g__Collinsella.s__Collinsella_aerofaciens	0.7117437722
UniRef90_R7JIX7	0.7102272727
UniRef90_R7JIX7|g__Alistipes.s__Alistipes_putredinis	0.7102272727
UniRef90_D4JZ66	0.7087172218
UniRef90_D4JZ66|g__Faecalibacterium.s__Faecalibacterium_prausnitzii	0.7087172218
UniRef90_Q8A287	0.7027406887
UniRef90_Q8A287|g__Bacteroides.s__Bacteroides_ovatus	0.7027406887
UniRef90_R6JHK8	0.7012622721
UniRef90_R6JHK8|g__Bacteroides.s__Bacteroides_ovatus	0.7012622721
UniRef90_I3YPX4	0.6939625260
UniRef90_I3YPX4|g__Alistipes.s__Alistipes_finegoldii	0.6939625260
UniRef90_A6L227	0.6925207756
UniRef90_A6L227|g__Bacteroides.s__Bacteroides_dorei	0.6925207756
UniRef90_C7GGQ6	0.6925207756
UniRef90_C7GGQ6|g__Roseburia.s__Roseburia_intestinalis	0.6925207756
UniRef90_G2T3P4	0.6882312457
UniRef90_G2T3P4|g__Roseburia.s__Roseburia_hominis	0.6882312457
UniRef90_R7ER53	0.6882312457
UniRef90_R7ER53|g__Bacteroides.s__Bacteroides_uniformis	0.6882312457
UniRef90_UPI0002894AE4	0.6882312457
UniRef90_UPI0002894AE4|g__Alistipes.s__Alistipes_shahii	0.6882312457
UniRef90_R6JDP0	0.6825938567
UniRef90_R6JDP0|g__Bacteroides.s__Bacteroides_ovatus	0.6825938567
UniRef90_C3R9M1	0.6784260516
UniRef90_C3R9M1|g__Bacteroides.s__Bacteroides_dorei	0.3392130258
UniRef90_C3R9M1|g__Bacteroides.s__Bacteroides_vulgatus	0.3392130258
UniRef90_R7NN03	0.6784260516
UniRef90_R7NN03|g__Bacteroides.s__Bacteroides_massiliensis	0.6784260516
UniRef90_D4IP94	0.6729475101
UniRef90_D4IP94|g__Alistipes.s__Alistipes_shahii	0.6729475101
UniRef90_G2T596	0.6648936170
UniRef90_G2T596|g__Roseburia.s__Roseburia_hominis	0.6648936170
UniRef90_R7JHR5	0.6583278473
UniRef90_R7JHR5|g__Alistipes.s__Alistipes_putredinis	0.6583278473
UniRef90_A6L1U3	0.6544502618
UniRef90_A6L1U3|g__Bacteroides.s__Bacteroides_vulgatus	0.6544502618
UniRef90_C7H388	0.6506180872
UniRef90_C7H388|g__Faecalibacterium.s__Faecalibacterium_prausnitzii	0.6506180872
UniRef90_Q5LAF6	0.6468305304
UniRef90_Q5LAF6|g__Bacteroides.s__Bacteroides_ovatus	0.6468305304
UniRef90_R7JLK6	0.6455777921
UniRef90_R7JLK6|g__Alistipes.s__Alistipes_putredinis	0.6455777921
UniRef90_R6JPW2	0.6357279085
UniRef90_R6JPW2|g__Bacteroides.s__Bacteroides_ovatus	0.6357279085
UniRef90_R6HJL8	0.6333122229
UniRef90_R6HJL8|g__Bacteroides.s__Bacteroides_vulgatus	0.6333122229
UniRef90_R7EHX2	0.6333122229
UniRef90_R7EHX2|g__Bacteroides.s__Bacteroides_uniformis	0.6333122229
UniRef90_R6V8F2	0.6321112516
UniRef90_R6V8F2|g__Bacteroides.s__Bacteroides_ovatus	0.6321112516
UniRef90_R7NRD7	0.6297427295
UniRef90_R7NRD7|g__Bacteroides.s__Bacteroides_vulgatus	0.6297427295
UniRef90_R6JSL5	0.6287266147
UniRef90_R6JSL5|g__Bacteroides.s__Bacteroides_ovatus	0.6287266147
UniRef90_R7EP11	0.6273525721
UniRef90_R7EP11|g__Bacteroides.s__Bacteroides_uniformis	0.6273525721
UniRef90_D4KQL9	0.6215040398
UniRef90_D4KQL9|g__Roseburia.s__Roseburia_intestinalis	0.6215040398
UniRef90_R6WXR3	0.6146281500
UniRef90_R6WXR3|g__Alistipes.s__Alistipes_shahii	0.6146281500
UniRef90_R7JLV3	0.6123698714
UniRef90_R7JLV3|g__Alistipes.s__Alistipes_putredinis	0.6123698714
UniRef90_R7NZX9	0.6123698714
UniRef90_R7NZX9|g__Bacteroides.s__Bacteroides_vulgatus	0.6123698714
UniRef90_G2SY29	0.6106489947
UniRef90_G2SY29|g__Eubacterium.s__Eubacterium_ramulus	0.6106489947
UniRef90_R6G829	0.6101281269
UniRef90_R6G829|g__Bacteroides.s__Bacteroides_uniformis	0.6101281269
UniRef90_R6IJD7	0.6024096386
UniRef90_R6IJD7|g__Bacteroides.s__Bacteroides_vulgatus	0.6024096386
UniRef90_R5YCK5	0.6002400960
UniRef90_R5YCK5|g__Bacteroides.s__Bacteroides_stercoris	0.6002400960
UniRef90_R6Y9C3	0.5844535359
UniRef90_R6Y9C3|g__Bacteroides.s__Bacteroides_dorei	0.5844535359
UniRef90_R7EPC6	0.5763688761
UniRef90_R7EPC6|g__Bacteroides.s__Bacteroides_uniformis	0.5763688761
UniRef90_B2UQ98	0.5735589332
UniRef90_B2UQ98|g__Akkermansia.s__Akkermansia_muciniphila	0.5735589332
UniRef90_E6SW36	0.5724098454
UniRef90_E6SW36|g__Bacteroides.s__Bacteroides_uniformis	0.5724098454
UniRef90_R6J2X3	0.5685048323
UniRef90_R6J2X3|g__Bacteroides.s__Bacteroides_ovatus	0.5685048323
UniRef90_E6SSP6	0.5636978579
UniRef90_E6SSP6|g__Bacteroides.s__Bacteroides_stercoris	0.5636978579
UniRef90_S3YB79	0.5627822659
UniRef90_S3YB79|g__Bacteroides.s__Bacteroides_stercoris	0.5627822659
UniRef90_A6KZW9	0.5608524958
UniRef90_A6KZW9|g__Bacteroides.s__Bacteroides_vulgatus	0.5608524958
UniRef90_R6L4Q0	0.5552470850
UniRef90_R6L4Q0|g__Bacteroides.s__Bacteroides_stercoris	0.5552470850
UniRef90_R6LGM2	0.5515719801
UniRef90_R6LGM2|g__Bacteroides.s__Bacteroides_uniformis	0.5515719801
UniRef90_K9E7E4	0.5460571179
UniRef90_K9E7E4|g__Bacteroides.s__Bacteroides_uniformis	0.5460571179
UniRef90_I3YMC9	0.5434782609
UniRef90_I3YMC9|g__Alistipes.s__Alistipes_finegoldii	0.5434782609
UniRef90_R7JPS5	0.5399568035
UniRef90_R7JPS5|g__Alistipes.s__Alistipes_putredinis	0.5399568035
UniRef90_B0MZN3	0.5285412262
UniRef90_B0MZN3|g__Alistipes.s__Alistipes_putredinis	0.5285412262
UniRef90_R5Z9U5	0.5230125523
UniRef90_R5Z9U5|g__Collinsella.s__Collinsella_aerofaciens	0.5230125523
UniRef90_R7C4V6	0.5186721992
UniRef90_R7C4V6|g__Anaerostipes.s__Anaerostipes_hadrus	0.5186721992
UniRef90_D4IQG0	0.5182743077
UniRef90_D4IQG0|g__Alistipes.s__Alistipes_shahii	0.5182743077
UniRef90_R7E8P0	0.5181347150
UniRef90_R7E8P0|g__Bacteroides.s__Bacteroides_uniformis	0.5181347150
UniRef90_R6B815	0.4849660524
UniRef90_R6B815|g__Bacteroides.s__Bacteroides_uniformis	0.4849660524
UniRef90_C4Z2R9	0.4799252381
UniRef90_C4Z2R9|g__Eubacterium.s__Eubacterium_eligens	0.4799252381
UniRef90_A6L076	0.4786979416
UniRef90_A6L076|g__Bacteroides.s__Bacteroides_vulgatus	0.4786979416
UniRef90_I9J891	0.4732607667
UniRef90_I9J891|g__Bacteroides.s__Bacteroides_uniformis	0.4732607667
UniRef90_E2ZFJ9	0.4496402878
UniRef90_E2ZFJ9|g__Faecalibacterium.s__Faecalibacterium_prausnitzii	0.4496402878
UniRef90_C0B644	0.4428697963
UniRef90_C0B644|g__Coprococcus.s__Coprococcus_comes	0.4428697963
UniRef90_C4ZB99	0.4298561931
UniRef90_C4ZB99|g__Roseburia.s__Roseburia_intestinalis	0.4298561931
UniRef90_Q64SE5	0.4260758415
UniRef90_Q64SE5|g__Bacteroides.s__Bacteroides_ovatus	0.4260758415
UniRef90_R6E050	0.4144218815
UniRef90_R6E050|g__Bacteroides.s__Bacteroides_ovatus	0.4144218815
UniRef90_S6C497	0.4003202562
UniRef90_S6C497|g__Adlercreutzia.s__Adlercreutzia_equolifaciens	0.4003202562
UniRef90_C7HAT0	0.3932102437
UniRef90_C7HAT0|g__Faecalibacterium.s__Faecalibacterium_prausnitzii	0.3932102437
UniRef90_A6KZV4	0.3305785124
UniRef90_A6KZV4|g__Bacteroides.s__Bacteroides_dorei	0.3305785124
UniRef90_I3YMT2	0.3164556962
UniRef90_I3YMT2|g__Alistipes.s__Alistipes_finegoldii	0.3164556962
UniRef90_R6JRK2	0.2902826902
UniRef90_R6JRK2|g__Bacteroides.s__Bacteroides_ovatus	0.2902826902
UniRef90_R5ZNH7	0.2824061000
UniRef90_R5ZNH7|g__Collinsella.s__Collinsella_aerofaciens	0.2824061000
UniRef90_J9F9P5	0.2266545784
UniRef90_J9F9P5|g__Bacteroides.s__Bacteroides_dorei	0.2266545784
UniRef90_A7V029	0.1603592046
UniRef90_A7V029|g__Bacteroides.s__Bacteroides_uniformis	0.1603592046